Region ,Year,Month,Index,Change from Corresponding Quarter of Previous Year (%),Change from Previous Period (%) 
Sydney,1949,Sep,4.0,8.1,2.6
Sydney,1949,Dec,4.1,10.8,2.5
Sydney,1950,Mar,4.1,5.1,0.0
Sydney,1950,Jun,4.3,10.3,4.9
Sydney,1950,Sep,4.4,10.0,2.3
Sydney,1950,Dec,4.6,12.2,4.5
Sydney,1951,Mar,4.7,14.6,2.2
Sydney,1951,Jun,5.1,18.6,8.5
Sydney,1951,Sep,5.4,22.7,5.9
Sydney,1951,Dec,5.7,23.9,5.6
Sydney,1952,Mar,5.9,25.5,3.5
Sydney,1952,Jun,6.1,19.6,3.4
Sydney,1952,Sep,6.2,14.8,1.6
Sydney,1952,Dec,6.3,10.5,1.6
Sydney,1953,Mar,6.3,6.8,0.0
Sydney,1953,Jun,6.4,4.9,1.6
Sydney,1953,Sep,6.4,3.2,0.0
Sydney,1953,Dec,6.4,1.6,0.0
Sydney,1954,Mar,6.4,1.6,0.0
Sydney,1954,Jun,6.4,0.0,0.0
Sydney,1954,Sep,6.4,0.0,0.0
Sydney,1954,Dec,6.4,0.0,0.0
Sydney,1955,Mar,6.5,1.6,1.6
Sydney,1955,Jun,6.5,1.6,0.0
Sydney,1955,Sep,6.5,1.6,0.0
Sydney,1955,Dec,6.6,3.1,1.5
Sydney,1956,Mar,6.6,1.5,0.0
Sydney,1956,Jun,6.9,6.2,4.5
Sydney,1956,Sep,7.1,9.2,2.9
Sydney,1956,Dec,7.1,7.6,0.0
Sydney,1957,Mar,7.1,7.6,0.0
Sydney,1957,Jun,7.1,2.9,0.0
Sydney,1957,Sep,7.2,1.4,1.4
Sydney,1957,Dec,7.2,1.4,0.0
Sydney,1958,Mar,7.3,2.8,1.4
Sydney,1958,Jun,7.3,2.8,0.0
Sydney,1958,Sep,7.2,0.0,-1.4
Sydney,1958,Dec,7.3,1.4,1.4
Sydney,1959,Mar,7.3,0.0,0.0
Sydney,1959,Jun,7.3,0.0,0.0
Sydney,1959,Sep,7.3,1.4,0.0
Sydney,1959,Dec,7.4,1.4,1.4
Sydney,1960,Mar,7.4,1.4,0.0
Sydney,1960,Jun,7.5,2.7,1.4
Sydney,1960,Sep,7.6,4.1,1.3
Sydney,1960,Dec,7.7,4.1,1.3
Sydney,1961,Mar,7.7,4.1,0.0
Sydney,1961,Jun,7.8,4.0,1.3
Sydney,1961,Sep,7.7,1.3,-1.3
Sydney,1961,Dec,7.7,0.0,0.0
Sydney,1962,Mar,7.7,0.0,0.0
Sydney,1962,Jun,7.7,-1.3,0.0
Sydney,1962,Sep,7.7,0.0,0.0
Sydney,1962,Dec,7.8,1.3,1.3
Sydney,1963,Mar,7.8,1.3,0.0
Sydney,1963,Jun,7.8,1.3,0.0
Sydney,1963,Sep,7.8,1.3,0.0
Sydney,1963,Dec,7.8,0.0,0.0
Sydney,1964,Mar,7.8,0.0,0.0
Sydney,1964,Jun,7.9,1.3,1.3
Sydney,1964,Sep,8.0,2.6,1.3
Sydney,1964,Dec,8.1,3.8,1.3
Sydney,1965,Mar,8.1,3.8,0.0
Sydney,1965,Jun,8.2,3.8,1.2
Sydney,1965,Sep,8.3,3.8,1.2
Sydney,1965,Dec,8.4,3.7,1.2
Sydney,1966,Mar,8.4,3.7,0.0
Sydney,1966,Jun,8.4,2.4,0.0
Sydney,1966,Sep,8.5,2.4,1.2
Sydney,1966,Dec,8.5,1.2,0.0
Sydney,1967,Mar,8.6,2.4,1.2
Sydney,1967,Jun,8.7,3.6,1.2
Sydney,1967,Sep,8.8,3.5,1.1
Sydney,1967,Dec,8.8,3.5,0.0
Sydney,1968,Mar,8.9,3.5,1.1
Sydney,1968,Jun,8.9,2.3,0.0
Sydney,1968,Sep,8.9,1.1,0.0
Sydney,1968,Dec,9.1,3.4,2.2
Sydney,1969,Mar,9.2,3.4,1.1
Sydney,1969,Jun,9.2,3.4,0.0
Sydney,1969,Sep,9.3,4.5,1.1
Sydney,1969,Dec,9.4,3.3,1.1
Sydney,1970,Mar,9.5,3.3,1.1
Sydney,1970,Jun,9.7,5.4,2.1
Sydney,1970,Sep,9.7,4.3,0.0
Sydney,1970,Dec,9.9,5.3,2.1
Sydney,1971,Mar,10.1,6.3,2.0
Sydney,1971,Jun,10.3,6.2,2.0
Sydney,1971,Sep,10.6,9.3,2.9
Sydney,1971,Dec,10.8,9.1,1.9
Sydney,1972,Mar,10.9,7.9,0.9
Sydney,1972,Jun,11.1,7.8,1.8
Sydney,1972,Sep,11.2,5.7,0.9
Sydney,1972,Dec,11.3,4.6,0.9
Sydney,1973,Mar,11.6,6.4,2.7
Sydney,1973,Jun,11.9,7.2,2.6
Sydney,1973,Sep,12.3,9.8,3.4
Sydney,1973,Dec,12.8,13.3,4.1
Sydney,1974,Mar,13.1,12.9,2.3
Sydney,1974,Jun,13.6,14.3,3.8
Sydney,1974,Sep,14.4,17.1,5.9
Sydney,1974,Dec,14.9,16.4,3.5
Sydney,1975,Mar,15.3,16.8,2.7
Sydney,1975,Jun,15.9,16.9,3.9
Sydney,1975,Sep,16.1,11.8,1.3
Sydney,1975,Dec,16.9,13.4,5.0
Sydney,1976,Mar,17.4,13.7,3.0
Sydney,1976,Jun,17.8,11.9,2.3
Sydney,1976,Sep,18.1,12.4,1.7
Sydney,1976,Dec,19.1,13.0,5.5
Sydney,1977,Mar,19.5,12.1,2.1
Sydney,1977,Jun,19.9,11.8,2.1
Sydney,1977,Sep,20.3,12.2,2.0
Sydney,1977,Dec,20.7,8.4,2.0
Sydney,1978,Mar,21.0,7.7,1.4
Sydney,1978,Jun,21.4,7.5,1.9
Sydney,1978,Sep,21.9,7.9,2.3
Sydney,1978,Dec,22.4,8.2,2.3
Sydney,1979,Mar,22.8,8.6,1.8
Sydney,1979,Jun,23.5,9.8,3.1
Sydney,1979,Sep,24.1,10.0,2.6
Sydney,1979,Dec,24.7,10.3,2.5
Sydney,1980,Mar,25.4,11.4,2.8
Sydney,1980,Jun,26.1,11.1,2.8
Sydney,1980,Sep,26.6,10.4,1.9
Sydney,1980,Dec,27.1,9.7,1.9
Sydney,1981,Mar,27.9,9.8,3.0
Sydney,1981,Jun,28.4,8.8,1.8
Sydney,1981,Sep,28.9,8.6,1.8
Sydney,1981,Dec,30.1,11.1,4.2
Sydney,1982,Mar,30.7,10.0,2.0
Sydney,1982,Jun,31.6,11.3,2.9
Sydney,1982,Sep,32.7,13.1,3.5
Sydney,1982,Dec,33.7,12.0,3.1
Sydney,1983,Mar,34.4,12.1,2.1
Sydney,1983,Jun,35.1,11.1,2.0
Sydney,1983,Sep,35.5,8.6,1.1
Sydney,1983,Dec,36.2,7.4,2.0
Sydney,1984,Mar,36.1,4.9,-0.3
Sydney,1984,Jun,36.1,2.8,0.0
Sydney,1984,Sep,36.5,2.8,1.1
Sydney,1984,Dec,37.1,2.5,1.6
Sydney,1985,Mar,37.6,4.2,1.3
Sydney,1985,Jun,38.4,6.4,2.1
Sydney,1985,Sep,39.3,7.7,2.3
Sydney,1985,Dec,40.2,8.4,2.3
Sydney,1986,Mar,41.1,9.3,2.2
Sydney,1986,Jun,41.8,8.9,1.7
Sydney,1986,Sep,42.8,8.9,2.4
Sydney,1986,Dec,44.1,9.7,3.0
Sydney,1987,Mar,45.0,9.5,2.0
Sydney,1987,Jun,45.7,9.3,1.6
Sydney,1987,Sep,46.5,8.6,1.8
Sydney,1987,Dec,47.2,7.0,1.5
Sydney,1988,Mar,48.3,7.3,2.3
Sydney,1988,Jun,49.0,7.2,1.4
Sydney,1988,Sep,50.3,8.2,2.7
Sydney,1988,Dec,51.6,9.3,2.6
Sydney,1989,Mar,51.7,7.0,0.2
Sydney,1989,Jun,52.9,8.0,2.3
Sydney,1989,Sep,54.4,8.2,2.8
Sydney,1989,Dec,55.4,7.4,1.8
Sydney,1990,Mar,56.3,8.9,1.6
Sydney,1990,Jun,57.2,8.1,1.6
Sydney,1990,Sep,57.6,5.9,0.7
Sydney,1990,Dec,58.9,6.3,2.3
Sydney,1991,Mar,59.0,4.8,0.2
Sydney,1991,Jun,58.9,3.0,-0.2
Sydney,1991,Sep,59.2,2.8,0.5
Sydney,1991,Dec,59.8,1.5,1.0
Sydney,1992,Mar,59.8,1.4,0.0
Sydney,1992,Jun,59.5,1.0,-0.5
Sydney,1992,Sep,59.7,0.8,0.3
Sydney,1992,Dec,60.0,0.3,0.5
Sydney,1993,Mar,60.4,1.0,0.7
Sydney,1993,Jun,60.5,1.7,0.2
Sydney,1993,Sep,60.7,1.7,0.3
Sydney,1993,Dec,60.8,1.3,0.2
Sydney,1994,Mar,60.9,0.8,0.2
Sydney,1994,Jun,61.4,1.5,0.8
Sydney,1994,Sep,62.0,2.1,1.0
Sydney,1994,Dec,62.4,2.6,0.6
Sydney,1995,Mar,63.5,4.3,1.8
Sydney,1995,Jun,64.4,4.9,1.4
Sydney,1995,Sep,65.5,5.6,1.7
Sydney,1995,Dec,66.1,5.9,0.9
Sydney,1996,Mar,66.5,4.7,0.6
Sydney,1996,Jun,67.0,4.0,0.8
Sydney,1996,Sep,67.1,2.4,0.1
Sydney,1996,Dec,67.2,1.7,0.1
Sydney,1997,Mar,67.3,1.2,0.1
Sydney,1997,Jun,67.1,0.1,-0.3
Sydney,1997,Sep,66.9,-0.3,-0.3
Sydney,1997,Dec,67.1,-0.1,0.3
Sydney,1998,Mar,67.4,0.1,0.4
Sydney,1998,Jun,67.8,1.0,0.6
Sydney,1998,Sep,68.0,1.6,0.3
Sydney,1998,Dec,68.4,1.9,0.6
Sydney,1999,Mar,68.4,1.5,0.0
Sydney,1999,Jun,68.7,1.3,0.4
Sydney,1999,Sep,69.3,1.9,0.9
Sydney,1999,Dec,69.7,1.9,0.6
Sydney,2000,Mar,70.3,2.8,0.9
Sydney,2000,Jun,70.9,3.2,0.9
Sydney,2000,Sep,73.5,6.1,3.7
Sydney,2000,Dec,73.8,5.9,0.4
Sydney,2001,Mar,74.8,6.4,1.4
Sydney,2001,Jun,75.4,6.3,0.8
Sydney,2001,Sep,75.6,2.9,0.3
Sydney,2001,Dec,76.3,3.4,0.9
Sydney,2002,Mar,77.0,2.9,0.9
Sydney,2002,Jun,77.5,2.8,0.6
Sydney,2002,Sep,77.9,3.0,0.5
Sydney,2002,Dec,78.4,2.8,0.6
Sydney,2003,Mar,79.4,3.1,1.3
Sydney,2003,Jun,79.4,2.5,0.0
Sydney,2003,Sep,79.5,2.1,0.1
Sydney,2003,Dec,80.2,2.3,0.9
Sydney,2004,Mar,80.9,1.9,0.9
Sydney,2004,Jun,81.2,2.3,0.4
Sydney,2004,Sep,81.6,2.6,0.5
Sydney,2004,Dec,82.3,2.6,0.9
Sydney,2005,Mar,82.7,2.2,0.5
Sydney,2005,Jun,83.2,2.5,0.6
Sydney,2005,Sep,84.0,2.9,1.0
Sydney,2005,Dec,84.3,2.4,0.4
Sydney,2006,Mar,85.0,2.8,0.8
Sydney,2006,Jun,86.4,3.8,1.6
Sydney,2006,Sep,87.2,3.8,0.9
Sydney,2006,Dec,87.0,3.2,-0.2
Sydney,2007,Mar,86.9,2.2,-0.1
Sydney,2007,Jun,87.9,1.7,1.2
Sydney,2007,Sep,88.3,1.3,0.5
Sydney,2007,Dec,89.1,2.4,0.9
Sydney,2008,Mar,90.3,3.9,1.3
Sydney,2008,Jun,91.7,4.3,1.6
Sydney,2008,Sep,92.7,5.0,1.1
Sydney,2008,Dec,92.4,3.7,-0.3
Sydney,2009,Mar,92.5,2.4,0.1
Sydney,2009,Jun,92.9,1.3,0.4
Sydney,2009,Sep,93.9,1.3,1.1
Sydney,2009,Dec,94.4,2.2,0.5
Sydney,2010,Mar,95.2,2.9,0.8
Sydney,2010,Jun,95.6,2.9,0.4
Sydney,2010,Sep,96.3,2.6,0.7
Sydney,2010,Dec,96.7,2.4,0.4
Sydney,2011,Mar,98.2,3.2,1.6
Sydney,2011,Jun,99.2,3.8,1.0
Sydney,2011,Sep,99.9,3.7,0.7
Sydney,2011,Dec,99.8,3.2,-0.1
Sydney,2012,Mar,99.9,1.7,0.1
Sydney,2012,Jun,100.5,1.3,0.6
Sydney,2012,Sep,102.2,2.3,1.7
Sydney,2012,Dec,102.3,2.5,0.1
Sydney,2013,Mar,102.7,2.8,0.4
Sydney,2013,Jun,103.1,2.6,0.4
Sydney,2013,Sep,104.3,2.1,1.2
Sydney,2013,Dec,105.0,2.6,0.7
Sydney,2014,Mar,105.6,2.8,0.6
Sydney,2014,Jun,106.0,2.8,0.4
Sydney,2014,Sep,106.6,2.2,0.6
Sydney,2014,Dec,106.8,1.7,0.2
Sydney,2015,Mar,107.3,1.6,0.5
Sydney,2015,Jun,108.3,2.2,0.9
Sydney,2015,Sep,108.6,1.9,0.3
Sydney,2015,Dec,108.9,2.0,0.3
Sydney,2016,Mar,108.7,1.3,-0.2
Sydney,2016,Jun,109.3,0.9,0.6
Sydney,2016,Sep,110.4,1.7,1.0
Sydney,2016,Dec,110.9,1.8,0.5
Sydney,2017,Mar,111.3,2.4,0.4
Sydney,2017,Jun,111.7,2.2,0.4
Sydney,2017,Sep,112.5,1.9,0.7
Sydney,2017,Dec,113.3,2.2,0.7
Sydney,2018,Mar,113.6,2.1,0.3
Sydney,2018,Jun,114.0,2.1,0.4
Sydney,2018,Sep,114.7,2.0,0.6
Sydney,2018,Dec,115.2,1.7,0.4
Sydney,2019,Mar,115.1,1.3,-0.1
Sydney,2019,Jun,115.9,1.7,0.7
Sydney,2019,Sep,116.5,1.6,0.5
Sydney,2019,Dec,117.1,1.6,0.5
Sydney,2020,Mar,117.4,2.0,0.3
Sydney,2020,Jun,114.7,-1.0,-2.3
Sydney,2020,Sep,116.8,0.3,1.8
Sydney,2020,Dec,118.0,0.8,1.0
Sydney,2021,Mar,118.5,0.9,0.4
Sydney,2021,Jun,119.4,4.1,0.8
Sydney,2021,Sep,120.2,2.9,0.7
Sydney,2021,Dec,121.6,3.1,1.2
Sydney,2022,Mar,123.7,4.4,1.7
Sydney,2022,Jun,125.7,5.3,1.6
Sydney,2022,Sep,128.6,7.0,2.3
Sydney,2022,Dec,130.9,7.6,1.8
Sydney,2023,Mar,132.7,7.3,1.4
Sydney,2023,Jun,134.0,6.6,1.0
Melbourne,1949,Sep,4.1,7.9,2.5
Melbourne,1949,Dec,4.2,10.5,2.4
Melbourne,1950,Mar,4.3,10.3,2.4
Melbourne,1950,Jun,4.4,10.0,2.3
Melbourne,1950,Sep,4.5,9.8,2.3
Melbourne,1950,Dec,4.6,9.5,2.2
Melbourne,1951,Mar,4.9,14.0,6.5
Melbourne,1951,Jun,5.1,15.9,4.1
Melbourne,1951,Sep,5.4,20.0,5.9
Melbourne,1951,Dec,5.8,26.1,7.4
Melbourne,1952,Mar,5.9,20.4,1.7
Melbourne,1952,Jun,6.2,21.6,5.1
Melbourne,1952,Sep,6.3,16.7,1.6
Melbourne,1952,Dec,6.3,8.6,0.0
Melbourne,1953,Mar,6.4,8.5,1.6
Melbourne,1953,Jun,6.5,4.8,1.6
Melbourne,1953,Sep,6.5,3.2,0.0
Melbourne,1953,Dec,6.5,3.2,0.0
Melbourne,1954,Mar,6.5,1.6,0.0
Melbourne,1954,Jun,6.5,0.0,0.0
Melbourne,1954,Sep,6.4,-1.5,-1.5
Melbourne,1954,Dec,6.4,-1.5,0.0
Melbourne,1955,Mar,6.5,0.0,1.6
Melbourne,1955,Jun,6.6,1.5,1.5
Melbourne,1955,Sep,6.7,4.7,1.5
Melbourne,1955,Dec,6.8,6.3,1.5
Melbourne,1956,Mar,6.9,6.2,1.5
Melbourne,1956,Jun,7.2,9.1,4.3
Melbourne,1956,Sep,7.3,9.0,1.4
Melbourne,1956,Dec,7.3,7.4,0.0
Melbourne,1957,Mar,7.2,4.3,-1.4
Melbourne,1957,Jun,7.3,1.4,1.4
Melbourne,1957,Sep,7.3,0.0,0.0
Melbourne,1957,Dec,7.3,0.0,0.0
Melbourne,1958,Mar,7.3,1.4,0.0
Melbourne,1958,Jun,7.3,0.0,0.0
Melbourne,1958,Sep,7.3,0.0,0.0
Melbourne,1958,Dec,7.5,2.7,2.7
Melbourne,1959,Mar,7.5,2.7,0.0
Melbourne,1959,Jun,7.5,2.7,0.0
Melbourne,1959,Sep,7.6,4.1,1.3
Melbourne,1959,Dec,7.6,1.3,0.0
Melbourne,1960,Mar,7.7,2.7,1.3
Melbourne,1960,Jun,7.9,5.3,2.6
Melbourne,1960,Sep,8.0,5.3,1.3
Melbourne,1960,Dec,8.0,5.3,0.0
Melbourne,1961,Mar,8.0,3.9,0.0
Melbourne,1961,Jun,8.1,2.5,1.3
Melbourne,1961,Sep,8.1,1.3,0.0
Melbourne,1961,Dec,8.1,1.3,0.0
Melbourne,1962,Mar,8.0,0.0,-1.2
Melbourne,1962,Jun,8.0,-1.2,0.0
Melbourne,1962,Sep,8.0,-1.2,0.0
Melbourne,1962,Dec,8.0,-1.2,0.0
Melbourne,1963,Mar,8.0,0.0,0.0
Melbourne,1963,Jun,8.1,1.3,1.3
Melbourne,1963,Sep,8.1,1.3,0.0
Melbourne,1963,Dec,8.1,1.3,0.0
Melbourne,1964,Mar,8.1,1.3,0.0
Melbourne,1964,Jun,8.2,1.2,1.2
Melbourne,1964,Sep,8.2,1.2,0.0
Melbourne,1964,Dec,8.4,3.7,2.4
Melbourne,1965,Mar,8.5,4.9,1.2
Melbourne,1965,Jun,8.6,4.9,1.2
Melbourne,1965,Sep,8.6,4.9,0.0
Melbourne,1965,Dec,8.8,4.8,2.3
Melbourne,1966,Mar,8.8,3.5,0.0
Melbourne,1966,Jun,8.8,2.3,0.0
Melbourne,1966,Sep,8.9,3.5,1.1
Melbourne,1966,Dec,8.9,1.1,0.0
Melbourne,1967,Mar,9.0,2.3,1.1
Melbourne,1967,Jun,9.2,4.5,2.2
Melbourne,1967,Sep,9.3,4.5,1.1
Melbourne,1967,Dec,9.3,4.5,0.0
Melbourne,1968,Mar,9.3,3.3,0.0
Melbourne,1968,Jun,9.4,2.2,1.1
Melbourne,1968,Sep,9.4,1.1,0.0
Melbourne,1968,Dec,9.5,2.2,1.1
Melbourne,1969,Mar,9.5,2.2,0.0
Melbourne,1969,Jun,9.6,2.1,1.1
Melbourne,1969,Sep,9.7,3.2,1.0
Melbourne,1969,Dec,9.7,2.1,0.0
Melbourne,1970,Mar,9.8,3.2,1.0
Melbourne,1970,Jun,9.9,3.1,1.0
Melbourne,1970,Sep,9.9,2.1,0.0
Melbourne,1970,Dec,10.1,4.1,2.0
Melbourne,1971,Mar,10.2,4.1,1.0
Melbourne,1971,Jun,10.3,4.0,1.0
Melbourne,1971,Sep,10.5,6.1,1.9
Melbourne,1971,Dec,10.7,5.9,1.9
Melbourne,1972,Mar,10.8,5.9,0.9
Melbourne,1972,Jun,11.0,6.8,1.9
Melbourne,1972,Sep,11.1,5.7,0.9
Melbourne,1972,Dec,11.2,4.7,0.9
Melbourne,1973,Mar,11.5,6.5,2.7
Melbourne,1973,Jun,11.9,8.2,3.5
Melbourne,1973,Sep,12.3,10.8,3.4
Melbourne,1973,Dec,12.7,13.4,3.3
Melbourne,1974,Mar,13.0,13.0,2.4
Melbourne,1974,Jun,13.6,14.3,4.6
Melbourne,1974,Sep,14.3,16.3,5.1
Melbourne,1974,Dec,14.7,15.7,2.8
Melbourne,1975,Mar,15.4,18.5,4.8
Melbourne,1975,Jun,15.9,16.9,3.2
Melbourne,1975,Sep,15.9,11.2,0.0
Melbourne,1975,Dec,16.9,15.0,6.3
Melbourne,1976,Mar,17.3,12.3,2.4
Melbourne,1976,Jun,17.8,11.9,2.9
Melbourne,1976,Sep,18.2,14.5,2.2
Melbourne,1976,Dec,19.3,14.2,6.0
Melbourne,1977,Mar,19.8,14.5,2.6
Melbourne,1977,Jun,20.4,14.6,3.0
Melbourne,1977,Sep,20.8,14.3,2.0
Melbourne,1977,Dec,21.2,9.8,1.9
Melbourne,1978,Mar,21.5,8.6,1.4
Melbourne,1978,Jun,22.0,7.8,2.3
Melbourne,1978,Sep,22.4,7.7,1.8
Melbourne,1978,Dec,22.8,7.5,1.8
Melbourne,1979,Mar,23.2,7.9,1.8
Melbourne,1979,Jun,23.8,8.2,2.6
Melbourne,1979,Sep,24.5,9.4,2.9
Melbourne,1979,Dec,25.1,10.1,2.4
Melbourne,1980,Mar,25.5,9.9,1.6
Melbourne,1980,Jun,26.3,10.5,3.1
Melbourne,1980,Sep,26.8,9.4,1.9
Melbourne,1980,Dec,27.4,9.2,2.2
Melbourne,1981,Mar,28.0,9.8,2.2
Melbourne,1981,Jun,28.6,8.7,2.1
Melbourne,1981,Sep,29.3,9.3,2.4
Melbourne,1981,Dec,30.6,11.7,4.4
Melbourne,1982,Mar,31.0,10.7,1.3
Melbourne,1982,Jun,31.7,10.8,2.3
Melbourne,1982,Sep,32.8,11.9,3.5
Melbourne,1982,Dec,33.7,10.1,2.7
Melbourne,1983,Mar,34.4,11.0,2.1
Melbourne,1983,Jun,35.4,11.7,2.9
Melbourne,1983,Sep,35.9,9.5,1.4
Melbourne,1983,Dec,37.0,9.8,3.1
Melbourne,1984,Mar,36.8,7.0,-0.5
Melbourne,1984,Jun,36.9,4.2,0.3
Melbourne,1984,Sep,37.5,4.5,1.6
Melbourne,1984,Dec,37.9,2.4,1.1
Melbourne,1985,Mar,38.4,4.3,1.3
Melbourne,1985,Jun,39.5,7.0,2.9
Melbourne,1985,Sep,40.3,7.5,2.0
Melbourne,1985,Dec,41.0,8.2,1.7
Melbourne,1986,Mar,42.1,9.6,2.7
Melbourne,1986,Jun,42.8,8.4,1.7
Melbourne,1986,Sep,43.9,8.9,2.6
Melbourne,1986,Dec,45.2,10.2,3.0
Melbourne,1987,Mar,46.0,9.3,1.8
Melbourne,1987,Jun,46.8,9.3,1.7
Melbourne,1987,Sep,47.6,8.4,1.7
Melbourne,1987,Dec,48.4,7.1,1.7
Melbourne,1988,Mar,49.1,6.7,1.4
Melbourne,1988,Jun,50.1,7.1,2.0
Melbourne,1988,Sep,50.8,6.7,1.4
Melbourne,1988,Dec,51.7,6.8,1.8
Melbourne,1989,Mar,52.4,6.7,1.4
Melbourne,1989,Jun,53.8,7.4,2.7
Melbourne,1989,Sep,55.0,8.3,2.2
Melbourne,1989,Dec,56.0,8.3,1.8
Melbourne,1990,Mar,56.9,8.6,1.6
Melbourne,1990,Jun,58.0,7.8,1.9
Melbourne,1990,Sep,58.5,6.4,0.9
Melbourne,1990,Dec,60.2,7.5,2.9
Melbourne,1991,Mar,59.9,5.3,-0.5
Melbourne,1991,Jun,60.3,4.0,0.7
Melbourne,1991,Sep,60.8,3.9,0.8
Melbourne,1991,Dec,61.2,1.7,0.7
Melbourne,1992,Mar,61.2,2.2,0.0
Melbourne,1992,Jun,61.1,1.3,-0.2
Melbourne,1992,Sep,61.0,0.3,-0.2
Melbourne,1992,Dec,61.1,-0.2,0.2
Melbourne,1993,Mar,61.9,1.1,1.3
Melbourne,1993,Jun,62.2,1.8,0.5
Melbourne,1993,Sep,62.4,2.3,0.3
Melbourne,1993,Dec,62.6,2.5,0.3
Melbourne,1994,Mar,62.8,1.5,0.3
Melbourne,1994,Jun,63.3,1.8,0.8
Melbourne,1994,Sep,63.4,1.6,0.2
Melbourne,1994,Dec,63.9,2.1,0.8
Melbourne,1995,Mar,65.0,3.5,1.7
Melbourne,1995,Jun,65.6,3.6,0.9
Melbourne,1995,Sep,66.4,4.7,1.2
Melbourne,1995,Dec,66.9,4.7,0.8
Melbourne,1996,Mar,66.8,2.8,-0.1
Melbourne,1996,Jun,67.3,2.6,0.7
Melbourne,1996,Sep,67.6,1.8,0.4
Melbourne,1996,Dec,67.7,1.2,0.1
Melbourne,1997,Mar,67.8,1.5,0.1
Melbourne,1997,Jun,67.7,0.6,-0.1
Melbourne,1997,Sep,67.5,-0.1,-0.3
Melbourne,1997,Dec,67.7,0.0,0.3
Melbourne,1998,Mar,67.6,-0.3,-0.1
Melbourne,1998,Jun,68.0,0.4,0.6
Melbourne,1998,Sep,68.0,0.7,0.0
Melbourne,1998,Dec,68.3,0.9,0.4
Melbourne,1999,Mar,68.3,1.0,0.0
Melbourne,1999,Jun,68.6,0.9,0.4
Melbourne,1999,Sep,69.3,1.9,1.0
Melbourne,1999,Dec,69.7,2.0,0.6
Melbourne,2000,Mar,70.5,3.2,1.1
Melbourne,2000,Jun,70.9,3.4,0.6
Melbourne,2000,Sep,73.6,6.2,3.8
Melbourne,2000,Dec,73.9,6.0,0.4
Melbourne,2001,Mar,74.7,6.0,1.1
Melbourne,2001,Jun,75.1,5.9,0.5
Melbourne,2001,Sep,75.5,2.6,0.5
Melbourne,2001,Dec,76.1,3.0,0.8
Melbourne,2002,Mar,76.9,2.9,1.1
Melbourne,2002,Jun,77.3,2.9,0.5
Melbourne,2002,Sep,77.9,3.2,0.8
Melbourne,2002,Dec,78.5,3.2,0.8
Melbourne,2003,Mar,79.6,3.5,1.4
Melbourne,2003,Jun,79.6,3.0,0.0
Melbourne,2003,Sep,80.1,2.8,0.6
Melbourne,2003,Dec,80.3,2.3,0.2
Melbourne,2004,Mar,81.1,1.9,1.0
Melbourne,2004,Jun,81.3,2.1,0.2
Melbourne,2004,Sep,81.5,1.7,0.2
Melbourne,2004,Dec,82.1,2.2,0.7
Melbourne,2005,Mar,82.7,2.0,0.7
Melbourne,2005,Jun,83.0,2.1,0.4
Melbourne,2005,Sep,83.9,2.9,1.1
Melbourne,2005,Dec,84.3,2.7,0.5
Melbourne,2006,Mar,85.0,2.8,0.8
Melbourne,2006,Jun,86.2,3.9,1.4
Melbourne,2006,Sep,86.8,3.5,0.7
Melbourne,2006,Dec,86.7,2.8,-0.1
Melbourne,2007,Mar,86.9,2.2,0.2
Melbourne,2007,Jun,87.9,2.0,1.2
Melbourne,2007,Sep,88.6,2.1,0.8
Melbourne,2007,Dec,89.5,3.2,1.0
Melbourne,2008,Mar,90.7,4.4,1.3
Melbourne,2008,Jun,91.8,4.4,1.2
Melbourne,2008,Sep,92.9,4.9,1.2
Melbourne,2008,Dec,92.3,3.1,-0.6
Melbourne,2009,Mar,92.6,2.1,0.3
Melbourne,2009,Jun,92.9,1.2,0.3
Melbourne,2009,Sep,93.4,0.5,0.5
Melbourne,2009,Dec,94.0,1.8,0.6
Melbourne,2010,Mar,95.2,2.8,1.3
Melbourne,2010,Jun,95.8,3.1,0.6
Melbourne,2010,Sep,96.3,3.1,0.5
Melbourne,2010,Dec,96.9,3.1,0.6
Melbourne,2011,Mar,98.5,3.5,1.7
Melbourne,2011,Jun,99.2,3.5,0.7
Melbourne,2011,Sep,99.8,3.6,0.6
Melbourne,2011,Dec,99.9,3.1,0.1
Melbourne,2012,Mar,99.9,1.4,0.0
Melbourne,2012,Jun,100.4,1.2,0.5
Melbourne,2012,Sep,101.6,1.8,1.2
Melbourne,2012,Dec,102.0,2.1,0.4
Melbourne,2013,Mar,102.4,2.5,0.4
Melbourne,2013,Jun,102.6,2.2,0.2
Melbourne,2013,Sep,104.0,2.4,1.4
Melbourne,2013,Dec,104.8,2.7,0.8
Melbourne,2014,Mar,105.3,2.8,0.5
Melbourne,2014,Jun,105.9,3.2,0.6
Melbourne,2014,Sep,106.1,2.0,0.2
Melbourne,2014,Dec,106.3,1.4,0.2
Melbourne,2015,Mar,106.4,1.0,0.1
Melbourne,2015,Jun,107.1,1.1,0.7
Melbourne,2015,Sep,107.6,1.4,0.5
Melbourne,2015,Dec,108.3,1.9,0.7
Melbourne,2016,Mar,108.2,1.7,-0.1
Melbourne,2016,Jun,108.6,1.4,0.4
Melbourne,2016,Sep,109.1,1.4,0.5
Melbourne,2016,Dec,109.9,1.5,0.7
Melbourne,2017,Mar,110.9,2.5,0.9
Melbourne,2017,Jun,111.0,2.2,0.1
Melbourne,2017,Sep,111.5,2.2,0.5
Melbourne,2017,Dec,112.3,2.2,0.7
Melbourne,2018,Mar,113.3,2.2,0.9
Melbourne,2018,Jun,113.8,2.5,0.4
Melbourne,2018,Sep,114.0,2.2,0.2
Melbourne,2018,Dec,114.6,2.0,0.5
Melbourne,2019,Mar,114.7,1.2,0.1
Melbourne,2019,Jun,115.3,1.3,0.5
Melbourne,2019,Sep,115.9,1.7,0.5
Melbourne,2019,Dec,116.9,2.0,0.9
Melbourne,2020,Mar,117.8,2.7,0.8
Melbourne,2020,Jun,115.7,0.3,-1.8
Melbourne,2020,Sep,116.7,0.7,0.9
Melbourne,2020,Dec,118.4,1.3,1.5
Melbourne,2021,Mar,118.8,0.8,0.3
Melbourne,2021,Jun,119.1,2.9,0.3
Melbourne,2021,Sep,120.1,2.9,0.8
Melbourne,2021,Dec,121.4,2.5,1.1
Melbourne,2022,Mar,124.2,4.5,2.3
Melbourne,2022,Jun,126.4,6.1,1.8
Melbourne,2022,Sep,129.0,7.4,2.1
Melbourne,2022,Dec,131.1,8.0,1.6
Melbourne,2023,Mar,132.7,6.8,1.2
Melbourne,2023,Jun,133.5,5.6,0.6
Brisbane,1949,Sep,4.0,8.1,2.6
Brisbane,1949,Dec,4.1,10.8,2.5
Brisbane,1950,Mar,4.1,7.9,0.0
Brisbane,1950,Jun,4.2,7.7,2.4
Brisbane,1950,Sep,4.3,7.5,2.4
Brisbane,1950,Dec,4.4,7.3,2.3
Brisbane,1951,Mar,4.7,14.6,6.8
Brisbane,1951,Jun,4.9,16.7,4.3
Brisbane,1951,Sep,5.1,18.6,4.1
Brisbane,1951,Dec,5.6,27.3,9.8
Brisbane,1952,Mar,5.8,23.4,3.6
Brisbane,1952,Jun,5.9,20.4,1.7
Brisbane,1952,Sep,6.1,19.6,3.4
Brisbane,1952,Dec,6.1,8.9,0.0
Brisbane,1953,Mar,6.1,5.2,0.0
Brisbane,1953,Jun,6.2,5.1,1.6
Brisbane,1953,Sep,6.2,1.6,0.0
Brisbane,1953,Dec,6.2,1.6,0.0
Brisbane,1954,Mar,6.2,1.6,0.0
Brisbane,1954,Jun,6.2,0.0,0.0
Brisbane,1954,Sep,6.2,0.0,0.0
Brisbane,1954,Dec,6.2,0.0,0.0
Brisbane,1955,Mar,6.3,1.6,1.6
Brisbane,1955,Jun,6.3,1.6,0.0
Brisbane,1955,Sep,6.3,1.6,0.0
Brisbane,1955,Dec,6.4,3.2,1.6
Brisbane,1956,Mar,6.5,3.2,1.6
Brisbane,1956,Jun,6.7,6.3,3.1
Brisbane,1956,Sep,6.8,7.9,1.5
Brisbane,1956,Dec,6.8,6.3,0.0
Brisbane,1957,Mar,6.8,4.6,0.0
Brisbane,1957,Jun,6.9,3.0,1.5
Brisbane,1957,Sep,6.9,1.5,0.0
Brisbane,1957,Dec,6.9,1.5,0.0
Brisbane,1958,Mar,7.0,2.9,1.4
Brisbane,1958,Jun,7.0,1.4,0.0
Brisbane,1958,Sep,7.1,2.9,1.4
Brisbane,1958,Dec,7.2,4.3,1.4
Brisbane,1959,Mar,7.2,2.9,0.0
Brisbane,1959,Jun,7.2,2.9,0.0
Brisbane,1959,Sep,7.3,2.8,1.4
Brisbane,1959,Dec,7.4,2.8,1.4
Brisbane,1960,Mar,7.4,2.8,0.0
Brisbane,1960,Jun,7.4,2.8,0.0
Brisbane,1960,Sep,7.5,2.7,1.4
Brisbane,1960,Dec,7.6,2.7,1.3
Brisbane,1961,Mar,7.7,4.1,1.3
Brisbane,1961,Jun,7.7,4.1,0.0
Brisbane,1961,Sep,7.7,2.7,0.0
Brisbane,1961,Dec,7.7,1.3,0.0
Brisbane,1962,Mar,7.8,1.3,1.3
Brisbane,1962,Jun,7.8,1.3,0.0
Brisbane,1962,Sep,7.8,1.3,0.0
Brisbane,1962,Dec,7.8,1.3,0.0
Brisbane,1963,Mar,7.8,0.0,0.0
Brisbane,1963,Jun,7.8,0.0,0.0
Brisbane,1963,Sep,7.8,0.0,0.0
Brisbane,1963,Dec,7.8,0.0,0.0
Brisbane,1964,Mar,7.9,1.3,1.3
Brisbane,1964,Jun,8.0,2.6,1.3
Brisbane,1964,Sep,8.1,3.8,1.3
Brisbane,1964,Dec,8.1,3.8,0.0
Brisbane,1965,Mar,8.2,3.8,1.2
Brisbane,1965,Jun,8.3,3.8,1.2
Brisbane,1965,Sep,8.4,3.7,1.2
Brisbane,1965,Dec,8.5,4.9,1.2
Brisbane,1966,Mar,8.6,4.9,1.2
Brisbane,1966,Jun,8.7,4.8,1.2
Brisbane,1966,Sep,8.7,3.6,0.0
Brisbane,1966,Dec,8.8,3.5,1.1
Brisbane,1967,Mar,8.8,2.3,0.0
Brisbane,1967,Jun,8.9,2.3,1.1
Brisbane,1967,Sep,9.0,3.4,1.1
Brisbane,1967,Dec,9.0,2.3,0.0
Brisbane,1968,Mar,9.1,3.4,1.1
Brisbane,1968,Jun,9.1,2.2,0.0
Brisbane,1968,Sep,9.2,2.2,1.1
Brisbane,1968,Dec,9.2,2.2,0.0
Brisbane,1969,Mar,9.3,2.2,1.1
Brisbane,1969,Jun,9.4,3.3,1.1
Brisbane,1969,Sep,9.4,2.2,0.0
Brisbane,1969,Dec,9.5,3.3,1.1
Brisbane,1970,Mar,9.6,3.2,1.1
Brisbane,1970,Jun,9.6,2.1,0.0
Brisbane,1970,Sep,9.7,3.2,1.0
Brisbane,1970,Dec,10.0,5.3,3.1
Brisbane,1971,Mar,10.1,5.2,1.0
Brisbane,1971,Jun,10.3,7.3,2.0
Brisbane,1971,Sep,10.4,7.2,1.0
Brisbane,1971,Dec,10.7,7.0,2.9
Brisbane,1972,Mar,10.8,6.9,0.9
Brisbane,1972,Jun,10.9,5.8,0.9
Brisbane,1972,Sep,10.9,4.8,0.0
Brisbane,1972,Dec,11.1,3.7,1.8
Brisbane,1973,Mar,11.4,5.6,2.7
Brisbane,1973,Jun,11.7,7.3,2.6
Brisbane,1973,Sep,12.2,11.9,4.3
Brisbane,1973,Dec,12.7,14.4,4.1
Brisbane,1974,Mar,13.0,14.0,2.4
Brisbane,1974,Jun,13.4,14.5,3.1
Brisbane,1974,Sep,14.2,16.4,6.0
Brisbane,1974,Dec,14.6,15.0,2.8
Brisbane,1975,Mar,15.0,15.4,2.7
Brisbane,1975,Jun,15.4,14.9,2.7
Brisbane,1975,Sep,15.7,10.6,1.9
Brisbane,1975,Dec,16.7,14.4,6.4
Brisbane,1976,Mar,17.1,14.0,2.4
Brisbane,1976,Jun,17.6,14.3,2.9
Brisbane,1976,Sep,18.0,14.6,2.3
Brisbane,1976,Dec,19.1,14.4,6.1
Brisbane,1977,Mar,19.5,14.0,2.1
Brisbane,1977,Jun,19.9,13.1,2.1
Brisbane,1977,Sep,20.3,12.8,2.0
Brisbane,1977,Dec,20.7,8.4,2.0
Brisbane,1978,Mar,21.1,8.2,1.9
Brisbane,1978,Jun,21.5,8.0,1.9
Brisbane,1978,Sep,21.9,7.9,1.9
Brisbane,1978,Dec,22.6,9.2,3.2
Brisbane,1979,Mar,22.8,8.1,0.9
Brisbane,1979,Jun,23.3,8.4,2.2
Brisbane,1979,Sep,23.8,8.7,2.1
Brisbane,1979,Dec,24.6,8.8,3.4
Brisbane,1980,Mar,25.2,10.5,2.4
Brisbane,1980,Jun,25.8,10.7,2.4
Brisbane,1980,Sep,26.2,10.1,1.6
Brisbane,1980,Dec,26.8,8.9,2.3
Brisbane,1981,Mar,27.4,8.7,2.2
Brisbane,1981,Jun,28.1,8.9,2.6
Brisbane,1981,Sep,28.8,9.9,2.5
Brisbane,1981,Dec,29.9,11.6,3.8
Brisbane,1982,Mar,30.6,11.7,2.3
Brisbane,1982,Jun,31.0,10.3,1.3
Brisbane,1982,Sep,32.0,11.1,3.2
Brisbane,1982,Dec,33.1,10.7,3.4
Brisbane,1983,Mar,33.9,10.8,2.4
Brisbane,1983,Jun,34.3,10.6,1.2
Brisbane,1983,Sep,35.1,9.7,2.3
Brisbane,1983,Dec,35.8,8.2,2.0
Brisbane,1984,Mar,35.9,5.9,0.3
Brisbane,1984,Jun,36.2,5.5,0.8
Brisbane,1984,Sep,36.7,4.6,1.4
Brisbane,1984,Dec,37.1,3.6,1.1
Brisbane,1985,Mar,37.6,4.7,1.3
Brisbane,1985,Jun,38.3,5.8,1.9
Brisbane,1985,Sep,39.3,7.1,2.6
Brisbane,1985,Dec,40.0,7.8,1.8
Brisbane,1986,Mar,41.0,9.0,2.5
Brisbane,1986,Jun,41.4,8.1,1.0
Brisbane,1986,Sep,42.5,8.1,2.7
Brisbane,1986,Dec,43.6,9.0,2.6
Brisbane,1987,Mar,44.5,8.5,2.1
Brisbane,1987,Jun,45.1,8.9,1.3
Brisbane,1987,Sep,45.7,7.5,1.3
Brisbane,1987,Dec,46.6,6.9,2.0
Brisbane,1988,Mar,47.4,6.5,1.7
Brisbane,1988,Jun,48.3,7.1,1.9
Brisbane,1988,Sep,49.0,7.2,1.4
Brisbane,1988,Dec,49.9,7.1,1.8
Brisbane,1989,Mar,50.6,6.8,1.4
Brisbane,1989,Jun,51.8,7.2,2.4
Brisbane,1989,Sep,52.8,7.8,1.9
Brisbane,1989,Dec,53.7,7.6,1.7
Brisbane,1990,Mar,54.5,7.7,1.5
Brisbane,1990,Jun,55.3,6.8,1.5
Brisbane,1990,Sep,55.6,5.3,0.5
Brisbane,1990,Dec,57.0,6.1,2.5
Brisbane,1991,Mar,57.2,5.0,0.4
Brisbane,1991,Jun,57.2,3.4,0.0
Brisbane,1991,Sep,57.4,3.2,0.3
Brisbane,1991,Dec,58.0,1.8,1.0
Brisbane,1992,Mar,58.1,1.6,0.2
Brisbane,1992,Jun,57.9,1.2,-0.3
Brisbane,1992,Sep,57.8,0.7,-0.2
Brisbane,1992,Dec,58.5,0.9,1.2
Brisbane,1993,Mar,59.0,1.5,0.9
Brisbane,1993,Jun,59.3,2.4,0.5
Brisbane,1993,Sep,59.4,2.8,0.2
Brisbane,1993,Dec,59.6,1.9,0.3
Brisbane,1994,Mar,59.9,1.5,0.5
Brisbane,1994,Jun,60.3,1.7,0.7
Brisbane,1994,Sep,60.9,2.5,1.0
Brisbane,1994,Dec,61.5,3.2,1.0
Brisbane,1995,Mar,62.6,4.5,1.8
Brisbane,1995,Jun,63.2,4.8,1.0
Brisbane,1995,Sep,63.8,4.8,0.9
Brisbane,1995,Dec,64.2,4.4,0.6
Brisbane,1996,Mar,64.7,3.4,0.8
Brisbane,1996,Jun,65.1,3.0,0.6
Brisbane,1996,Sep,65.2,2.2,0.2
Brisbane,1996,Dec,65.3,1.7,0.2
Brisbane,1997,Mar,65.7,1.5,0.6
Brisbane,1997,Jun,65.5,0.6,-0.3
Brisbane,1997,Sep,65.3,0.2,-0.3
Brisbane,1997,Dec,65.7,0.6,0.6
Brisbane,1998,Mar,65.9,0.3,0.3
Brisbane,1998,Jun,66.2,1.1,0.5
Brisbane,1998,Sep,66.3,1.5,0.2
Brisbane,1998,Dec,66.5,1.2,0.3
Brisbane,1999,Mar,66.4,0.8,-0.2
Brisbane,1999,Jun,66.6,0.6,0.3
Brisbane,1999,Sep,67.1,1.2,0.8
Brisbane,1999,Dec,67.1,0.9,0.0
Brisbane,2000,Mar,67.9,2.3,1.2
Brisbane,2000,Jun,68.3,2.6,0.6
Brisbane,2000,Sep,71.0,5.8,4.0
Brisbane,2000,Dec,71.2,6.1,0.3
Brisbane,2001,Mar,71.8,5.7,0.8
Brisbane,2001,Jun,72.5,6.1,1.0
Brisbane,2001,Sep,72.6,2.3,0.1
Brisbane,2001,Dec,73.5,3.2,1.2
Brisbane,2002,Mar,74.2,3.3,1.0
Brisbane,2002,Jun,74.7,3.0,0.7
Brisbane,2002,Sep,75.3,3.7,0.8
Brisbane,2002,Dec,75.7,3.0,0.5
Brisbane,2003,Mar,76.7,3.4,1.3
Brisbane,2003,Jun,76.7,2.7,0.0
Brisbane,2003,Sep,77.5,2.9,1.0
Brisbane,2003,Dec,78.0,3.0,0.6
Brisbane,2004,Mar,78.7,2.6,0.9
Brisbane,2004,Jun,79.1,3.1,0.5
Brisbane,2004,Sep,79.4,2.5,0.4
Brisbane,2004,Dec,80.0,2.6,0.8
Brisbane,2005,Mar,80.7,2.5,0.9
Brisbane,2005,Jun,81.1,2.5,0.5
Brisbane,2005,Sep,81.6,2.8,0.6
Brisbane,2005,Dec,82.3,2.9,0.9
Brisbane,2006,Mar,83.0,2.9,0.9
Brisbane,2006,Jun,84.5,4.2,1.8
Brisbane,2006,Sep,85.2,4.4,0.8
Brisbane,2006,Dec,85.1,3.4,-0.1
Brisbane,2007,Mar,85.5,3.0,0.5
Brisbane,2007,Jun,86.7,2.6,1.4
Brisbane,2007,Sep,87.5,2.7,0.9
Brisbane,2007,Dec,88.4,3.9,1.0
Brisbane,2008,Mar,89.6,4.8,1.4
Brisbane,2008,Jun,91.1,5.1,1.7
Brisbane,2008,Sep,92.4,5.6,1.4
Brisbane,2008,Dec,92.2,4.3,-0.2
Brisbane,2009,Mar,92.4,3.1,0.2
Brisbane,2009,Jun,92.9,2.0,0.5
Brisbane,2009,Sep,94.2,1.9,1.4
Brisbane,2009,Dec,94.5,2.5,0.3
Brisbane,2010,Mar,95.2,3.0,0.7
Brisbane,2010,Jun,95.9,3.2,0.7
Brisbane,2010,Sep,96.9,2.9,1.0
Brisbane,2010,Dec,97.4,3.1,0.5
Brisbane,2011,Mar,98.6,3.6,1.2
Brisbane,2011,Jun,99.6,3.9,1.0
Brisbane,2011,Sep,99.9,3.1,0.3
Brisbane,2011,Dec,99.7,2.4,-0.2
Brisbane,2012,Mar,99.9,1.3,0.2
Brisbane,2012,Jun,100.5,0.9,0.6
Brisbane,2012,Sep,101.6,1.7,1.1
Brisbane,2012,Dec,101.9,2.2,0.3
Brisbane,2013,Mar,102.0,2.1,0.1
Brisbane,2013,Jun,102.5,2.0,0.5
Brisbane,2013,Sep,103.8,2.2,1.3
Brisbane,2013,Dec,104.6,2.6,0.8
Brisbane,2014,Mar,105.2,3.1,0.6
Brisbane,2014,Jun,105.8,3.2,0.6
Brisbane,2014,Sep,106.5,2.6,0.7
Brisbane,2014,Dec,106.7,2.0,0.2
Brisbane,2015,Mar,106.7,1.4,0.0
Brisbane,2015,Jun,107.4,1.5,0.7
Brisbane,2015,Sep,108.1,1.5,0.7
Brisbane,2015,Dec,108.5,1.7,0.4
Brisbane,2016,Mar,108.5,1.7,0.0
Brisbane,2016,Jun,109.0,1.5,0.5
Brisbane,2016,Sep,109.7,1.5,0.6
Brisbane,2016,Dec,110.2,1.6,0.5
Brisbane,2017,Mar,110.5,1.8,0.3
Brisbane,2017,Jun,111.0,1.8,0.5
Brisbane,2017,Sep,111.4,1.5,0.4
Brisbane,2017,Dec,112.3,1.9,0.8
Brisbane,2018,Mar,112.4,1.7,0.1
Brisbane,2018,Jun,112.9,1.7,0.4
Brisbane,2018,Sep,113.4,1.8,0.4
Brisbane,2018,Dec,114.0,1.5,0.5
Brisbane,2019,Mar,114.1,1.5,0.1
Brisbane,2019,Jun,114.8,1.7,0.6
Brisbane,2019,Sep,115.5,1.9,0.6
Brisbane,2019,Dec,116.3,2.0,0.7
Brisbane,2020,Mar,116.2,1.8,-0.1
Brisbane,2020,Jun,113.6,-1.0,-2.2
Brisbane,2020,Sep,116.2,0.6,2.3
Brisbane,2020,Dec,117.5,1.0,1.1
Brisbane,2021,Mar,118.2,1.7,0.6
Brisbane,2021,Jun,119.2,4.9,0.8
Brisbane,2021,Sep,120.7,3.9,1.3
Brisbane,2021,Dec,122.6,4.3,1.6
Brisbane,2022,Mar,125.3,6.0,2.2
Brisbane,2022,Jun,127.9,7.3,2.1
Brisbane,2022,Sep,130.2,7.9,1.8
Brisbane,2022,Dec,132.1,7.7,1.5
Brisbane,2023,Mar,134.6,7.4,1.9
Brisbane,2023,Jun,136.0,6.3,1.0
Adelaide,1949,Sep,4.1,7.9,2.5
Adelaide,1949,Dec,4.1,5.1,0.0
Adelaide,1950,Mar,4.2,5.0,2.4
Adelaide,1950,Jun,4.4,10.0,4.8
Adelaide,1950,Sep,4.4,7.3,0.0
Adelaide,1950,Dec,4.6,12.2,4.5
Adelaide,1951,Mar,4.8,14.3,4.3
Adelaide,1951,Jun,5.1,15.9,6.3
Adelaide,1951,Sep,5.4,22.7,5.9
Adelaide,1951,Dec,5.7,23.9,5.6
Adelaide,1952,Mar,5.9,22.9,3.5
Adelaide,1952,Jun,6.2,21.6,5.1
Adelaide,1952,Sep,6.3,16.7,1.6
Adelaide,1952,Dec,6.3,10.5,0.0
Adelaide,1953,Mar,6.4,8.5,1.6
Adelaide,1953,Jun,6.4,3.2,0.0
Adelaide,1953,Sep,6.5,3.2,1.6
Adelaide,1953,Dec,6.5,3.2,0.0
Adelaide,1954,Mar,6.5,1.6,0.0
Adelaide,1954,Jun,6.5,1.6,0.0
Adelaide,1954,Sep,6.5,0.0,0.0
Adelaide,1954,Dec,6.5,0.0,0.0
Adelaide,1955,Mar,6.6,1.5,1.5
Adelaide,1955,Jun,6.6,1.5,0.0
Adelaide,1955,Sep,6.6,1.5,0.0
Adelaide,1955,Dec,6.7,3.1,1.5
Adelaide,1956,Mar,6.8,3.0,1.5
Adelaide,1956,Jun,7.0,6.1,2.9
Adelaide,1956,Sep,7.1,7.6,1.4
Adelaide,1956,Dec,7.1,6.0,0.0
Adelaide,1957,Mar,7.0,2.9,-1.4
Adelaide,1957,Jun,7.1,1.4,1.4
Adelaide,1957,Sep,7.1,0.0,0.0
Adelaide,1957,Dec,7.1,0.0,0.0
Adelaide,1958,Mar,7.1,1.4,0.0
Adelaide,1958,Jun,7.1,0.0,0.0
Adelaide,1958,Sep,7.2,1.4,1.4
Adelaide,1958,Dec,7.2,1.4,0.0
Adelaide,1959,Mar,7.3,2.8,1.4
Adelaide,1959,Jun,7.3,2.8,0.0
Adelaide,1959,Sep,7.4,2.8,1.4
Adelaide,1959,Dec,7.4,2.8,0.0
Adelaide,1960,Mar,7.5,2.7,1.4
Adelaide,1960,Jun,7.6,4.1,1.3
Adelaide,1960,Sep,7.7,4.1,1.3
Adelaide,1960,Dec,7.8,5.4,1.3
Adelaide,1961,Mar,7.8,4.0,0.0
Adelaide,1961,Jun,7.9,3.9,1.3
Adelaide,1961,Sep,7.8,1.3,-1.3
Adelaide,1961,Dec,7.8,0.0,0.0
Adelaide,1962,Mar,7.7,-1.3,-1.3
Adelaide,1962,Jun,7.7,-2.5,0.0
Adelaide,1962,Sep,7.7,-1.3,0.0
Adelaide,1962,Dec,7.7,-1.3,0.0
Adelaide,1963,Mar,7.7,0.0,0.0
Adelaide,1963,Jun,7.8,1.3,1.3
Adelaide,1963,Sep,7.8,1.3,0.0
Adelaide,1963,Dec,7.8,1.3,0.0
Adelaide,1964,Mar,7.8,1.3,0.0
Adelaide,1964,Jun,8.0,2.6,2.6
Adelaide,1964,Sep,8.1,3.8,1.3
Adelaide,1964,Dec,8.2,5.1,1.2
Adelaide,1965,Mar,8.2,5.1,0.0
Adelaide,1965,Jun,8.2,2.5,0.0
Adelaide,1965,Sep,8.3,2.5,1.2
Adelaide,1965,Dec,8.4,2.4,1.2
Adelaide,1966,Mar,8.4,2.4,0.0
Adelaide,1966,Jun,8.6,4.9,2.4
Adelaide,1966,Sep,8.6,3.6,0.0
Adelaide,1966,Dec,8.7,3.6,1.2
Adelaide,1967,Mar,8.7,3.6,0.0
Adelaide,1967,Jun,8.8,2.3,1.1
Adelaide,1967,Sep,8.9,3.5,1.1
Adelaide,1967,Dec,8.9,2.3,0.0
Adelaide,1968,Mar,8.9,2.3,0.0
Adelaide,1968,Jun,9.0,2.3,1.1
Adelaide,1968,Sep,9.0,1.1,0.0
Adelaide,1968,Dec,9.1,2.2,1.1
Adelaide,1969,Mar,9.2,3.4,1.1
Adelaide,1969,Jun,9.2,2.2,0.0
Adelaide,1969,Sep,9.3,3.3,1.1
Adelaide,1969,Dec,9.3,2.2,0.0
Adelaide,1970,Mar,9.4,2.2,1.1
Adelaide,1970,Jun,9.5,3.3,1.1
Adelaide,1970,Sep,9.5,2.2,0.0
Adelaide,1970,Dec,9.7,4.3,2.1
Adelaide,1971,Mar,9.8,4.3,1.0
Adelaide,1971,Jun,10.0,5.3,2.0
Adelaide,1971,Sep,10.1,6.3,1.0
Adelaide,1971,Dec,10.3,6.2,2.0
Adelaide,1972,Mar,10.4,6.1,1.0
Adelaide,1972,Jun,10.5,5.0,1.0
Adelaide,1972,Sep,10.7,5.9,1.9
Adelaide,1972,Dec,10.8,4.9,0.9
Adelaide,1973,Mar,11.0,5.8,1.9
Adelaide,1973,Jun,11.4,8.6,3.6
Adelaide,1973,Sep,11.8,10.3,3.5
Adelaide,1973,Dec,12.3,13.9,4.2
Adelaide,1974,Mar,12.6,14.5,2.4
Adelaide,1974,Jun,13.2,15.8,4.8
Adelaide,1974,Sep,13.8,16.9,4.5
Adelaide,1974,Dec,14.4,17.1,4.3
Adelaide,1975,Mar,15.1,19.8,4.9
Adelaide,1975,Jun,15.6,18.2,3.3
Adelaide,1975,Sep,15.5,12.3,-0.6
Adelaide,1975,Dec,16.3,13.2,5.2
Adelaide,1976,Mar,16.9,11.9,3.7
Adelaide,1976,Jun,17.4,11.5,3.0
Adelaide,1976,Sep,17.9,15.5,2.9
Adelaide,1976,Dec,19.1,17.2,6.7
Adelaide,1977,Mar,19.5,15.4,2.1
Adelaide,1977,Jun,19.9,14.4,2.1
Adelaide,1977,Sep,20.4,14.0,2.5
Adelaide,1977,Dec,20.9,9.4,2.5
Adelaide,1978,Mar,21.1,8.2,1.0
Adelaide,1978,Jun,21.5,8.0,1.9
Adelaide,1978,Sep,22.0,7.8,2.3
Adelaide,1978,Dec,22.3,6.7,1.4
Adelaide,1979,Mar,22.7,7.6,1.8
Adelaide,1979,Jun,23.3,8.4,2.6
Adelaide,1979,Sep,23.7,7.7,1.7
Adelaide,1979,Dec,24.6,10.3,3.8
Adelaide,1980,Mar,25.1,10.6,2.0
Adelaide,1980,Jun,25.8,10.7,2.8
Adelaide,1980,Sep,26.1,10.1,1.2
Adelaide,1980,Dec,26.7,8.5,2.3
Adelaide,1981,Mar,27.4,9.2,2.6
Adelaide,1981,Jun,28.1,8.9,2.6
Adelaide,1981,Sep,28.7,10.0,2.1
Adelaide,1981,Dec,29.8,11.6,3.8
Adelaide,1982,Mar,30.2,10.2,1.3
Adelaide,1982,Jun,31.0,10.3,2.6
Adelaide,1982,Sep,32.1,11.8,3.5
Adelaide,1982,Dec,33.0,10.7,2.8
Adelaide,1983,Mar,33.9,12.3,2.7
Adelaide,1983,Jun,34.8,12.3,2.7
Adelaide,1983,Sep,35.3,10.0,1.4
Adelaide,1983,Dec,36.0,9.1,2.0
Adelaide,1984,Mar,36.0,6.2,0.0
Adelaide,1984,Jun,36.1,3.7,0.3
Adelaide,1984,Sep,36.4,3.1,0.8
Adelaide,1984,Dec,37.2,3.3,2.2
Adelaide,1985,Mar,37.7,4.7,1.3
Adelaide,1985,Jun,38.7,7.2,2.7
Adelaide,1985,Sep,39.5,8.5,2.1
Adelaide,1985,Dec,40.4,8.6,2.3
Adelaide,1986,Mar,41.0,8.8,1.5
Adelaide,1986,Jun,41.8,8.0,2.0
Adelaide,1986,Sep,43.0,8.9,2.9
Adelaide,1986,Dec,44.1,9.2,2.6
Adelaide,1987,Mar,44.9,9.5,1.8
Adelaide,1987,Jun,45.6,9.1,1.6
Adelaide,1987,Sep,46.1,7.2,1.1
Adelaide,1987,Dec,47.1,6.8,2.2
Adelaide,1988,Mar,47.7,6.2,1.3
Adelaide,1988,Jun,48.5,6.4,1.7
Adelaide,1988,Sep,49.5,7.4,2.1
Adelaide,1988,Dec,50.3,6.8,1.6
Adelaide,1989,Mar,51.3,7.5,2.0
Adelaide,1989,Jun,52.3,7.8,1.9
Adelaide,1989,Sep,53.2,7.5,1.7
Adelaide,1989,Dec,54.0,7.4,1.5
Adelaide,1990,Mar,54.8,6.8,1.5
Adelaide,1990,Jun,55.8,6.7,1.8
Adelaide,1990,Sep,56.5,6.2,1.3
Adelaide,1990,Dec,58.2,7.8,3.0
Adelaide,1991,Mar,58.1,6.0,-0.2
Adelaide,1991,Jun,58.4,4.7,0.5
Adelaide,1991,Sep,58.8,4.1,0.7
Adelaide,1991,Dec,59.3,1.9,0.9
Adelaide,1992,Mar,59.6,2.6,0.5
Adelaide,1992,Jun,59.6,2.1,0.0
Adelaide,1992,Sep,60.0,2.0,0.7
Adelaide,1992,Dec,60.3,1.7,0.5
Adelaide,1993,Mar,60.8,2.0,0.8
Adelaide,1993,Jun,61.2,2.7,0.7
Adelaide,1993,Sep,61.4,2.3,0.3
Adelaide,1993,Dec,61.4,1.8,0.0
Adelaide,1994,Mar,61.9,1.8,0.8
Adelaide,1994,Jun,62.3,1.8,0.6
Adelaide,1994,Sep,62.6,2.0,0.5
Adelaide,1994,Dec,63.2,2.9,1.0
Adelaide,1995,Mar,64.2,3.7,1.6
Adelaide,1995,Jun,64.7,3.9,0.8
Adelaide,1995,Sep,65.4,4.5,1.1
Adelaide,1995,Dec,66.0,4.4,0.9
Adelaide,1996,Mar,66.2,3.1,0.3
Adelaide,1996,Jun,66.5,2.8,0.5
Adelaide,1996,Sep,66.6,1.8,0.2
Adelaide,1996,Dec,66.8,1.2,0.3
Adelaide,1997,Mar,66.8,0.9,0.0
Adelaide,1997,Jun,66.4,-0.2,-0.6
Adelaide,1997,Sep,66.0,-0.9,-0.6
Adelaide,1997,Dec,66.0,-1.2,0.0
Adelaide,1998,Mar,66.3,-0.7,0.5
Adelaide,1998,Jun,66.7,0.5,0.6
Adelaide,1998,Sep,67.0,1.5,0.4
Adelaide,1998,Dec,67.3,2.0,0.4
Adelaide,1999,Mar,66.8,0.8,-0.7
Adelaide,1999,Jun,67.3,0.9,0.7
Adelaide,1999,Sep,68.1,1.6,1.2
Adelaide,1999,Dec,68.5,1.8,0.6
Adelaide,2000,Mar,69.1,3.4,0.9
Adelaide,2000,Jun,69.5,3.3,0.6
Adelaide,2000,Sep,72.1,5.9,3.7
Adelaide,2000,Dec,72.2,5.4,0.1
Adelaide,2001,Mar,73.0,5.6,1.1
Adelaide,2001,Jun,73.6,5.9,0.8
Adelaide,2001,Sep,73.7,2.2,0.1
Adelaide,2001,Dec,74.4,3.0,0.9
Adelaide,2002,Mar,75.0,2.7,0.8
Adelaide,2002,Jun,75.7,2.9,0.9
Adelaide,2002,Sep,76.4,3.7,0.9
Adelaide,2002,Dec,77.1,3.6,0.9
Adelaide,2003,Mar,78.7,4.9,2.1
Adelaide,2003,Jun,78.6,3.8,-0.1
Adelaide,2003,Sep,79.2,3.7,0.8
Adelaide,2003,Dec,79.6,3.2,0.5
Adelaide,2004,Mar,80.4,2.2,1.0
Adelaide,2004,Jun,80.9,2.9,0.6
Adelaide,2004,Sep,81.2,2.5,0.4
Adelaide,2004,Dec,81.7,2.6,0.6
Adelaide,2005,Mar,82.2,2.2,0.6
Adelaide,2005,Jun,82.7,2.2,0.6
Adelaide,2005,Sep,83.6,3.0,1.1
Adelaide,2005,Dec,83.9,2.7,0.4
Adelaide,2006,Mar,84.7,3.0,1.0
Adelaide,2006,Jun,85.8,3.7,1.3
Adelaide,2006,Sep,86.8,3.8,1.2
Adelaide,2006,Dec,86.5,3.1,-0.3
Adelaide,2007,Mar,86.3,1.9,-0.2
Adelaide,2007,Jun,87.3,1.7,1.2
Adelaide,2007,Sep,88.0,1.4,0.8
Adelaide,2007,Dec,88.9,2.8,1.0
Adelaide,2008,Mar,90.1,4.4,1.3
Adelaide,2008,Jun,91.3,4.6,1.3
Adelaide,2008,Sep,92.5,5.1,1.3
Adelaide,2008,Dec,92.2,3.7,-0.3
Adelaide,2009,Mar,92.2,2.3,0.0
Adelaide,2009,Jun,92.7,1.5,0.5
Adelaide,2009,Sep,93.7,1.3,1.1
Adelaide,2009,Dec,94.1,2.1,0.4
Adelaide,2010,Mar,94.6,2.6,0.5
Adelaide,2010,Jun,95.3,2.8,0.7
Adelaide,2010,Sep,96.2,2.7,0.9
Adelaide,2010,Dec,96.5,2.6,0.3
Adelaide,2011,Mar,98.1,3.7,1.7
Adelaide,2011,Jun,99.0,3.9,0.9
Adelaide,2011,Sep,100.0,4.0,1.0
Adelaide,2011,Dec,100.0,3.6,0.0
Adelaide,2012,Mar,99.9,1.8,-0.1
Adelaide,2012,Jun,100.2,1.2,0.3
Adelaide,2012,Sep,101.7,1.7,1.5
Adelaide,2012,Dec,102.1,2.1,0.4
Adelaide,2013,Mar,102.1,2.2,0.0
Adelaide,2013,Jun,102.3,2.1,0.2
Adelaide,2013,Sep,103.7,2.0,1.4
Adelaide,2013,Dec,104.4,2.3,0.7
Adelaide,2014,Mar,105.1,2.9,0.7
Adelaide,2014,Jun,105.5,3.1,0.4
Adelaide,2014,Sep,105.9,2.1,0.4
Adelaide,2014,Dec,106.2,1.7,0.3
Adelaide,2015,Mar,106.3,1.1,0.1
Adelaide,2015,Jun,106.8,1.2,0.5
Adelaide,2015,Sep,107.1,1.1,0.3
Adelaide,2015,Dec,107.3,1.0,0.2
Adelaide,2016,Mar,107.0,0.7,-0.3
Adelaide,2016,Jun,107.5,0.7,0.5
Adelaide,2016,Sep,108.4,1.2,0.8
Adelaide,2016,Dec,108.7,1.3,0.3
Adelaide,2017,Mar,109.1,2.0,0.4
Adelaide,2017,Jun,109.2,1.6,0.1
Adelaide,2017,Sep,110.4,1.8,1.1
Adelaide,2017,Dec,111.2,2.3,0.7
Adelaide,2018,Mar,111.6,2.3,0.4
Adelaide,2018,Jun,112.1,2.7,0.4
Adelaide,2018,Sep,112.4,1.8,0.3
Adelaide,2018,Dec,113.0,1.6,0.5
Adelaide,2019,Mar,113.1,1.3,0.1
Adelaide,2019,Jun,113.7,1.4,0.5
Adelaide,2019,Sep,114.5,1.9,0.7
Adelaide,2019,Dec,115.4,2.1,0.8
Adelaide,2020,Mar,115.8,2.4,0.3
Adelaide,2020,Jun,114.6,0.8,-1.0
Adelaide,2020,Sep,115.7,1.0,1.0
Adelaide,2020,Dec,116.5,1.0,0.7
Adelaide,2021,Mar,117.2,1.2,0.6
Adelaide,2021,Jun,117.8,2.8,0.5
Adelaide,2021,Sep,118.6,2.5,0.7
Adelaide,2021,Dec,120.4,3.3,1.5
Adelaide,2022,Mar,122.7,4.7,1.9
Adelaide,2022,Jun,125.3,6.4,2.1
Adelaide,2022,Sep,128.6,8.4,2.6
Adelaide,2022,Dec,130.8,8.6,1.7
Adelaide,2023,Mar,132.4,7.9,1.2
Adelaide,2023,Jun,133.9,6.9,1.1
Perth,1949,Sep,4.1,10.8,2.5
Perth,1949,Dec,4.2,10.5,2.4
Perth,1950,Mar,4.2,7.7,0.0
Perth,1950,Jun,4.4,10.0,4.8
Perth,1950,Sep,4.5,9.8,2.3
Perth,1950,Dec,4.6,9.5,2.2
Perth,1951,Mar,4.8,14.3,4.3
Perth,1951,Jun,5.1,15.9,6.3
Perth,1951,Sep,5.4,20.0,5.9
Perth,1951,Dec,5.7,23.9,5.6
Perth,1952,Mar,6.0,25.0,5.3
Perth,1952,Jun,6.2,21.6,3.3
Perth,1952,Sep,6.4,18.5,3.2
Perth,1952,Dec,6.4,12.3,0.0
Perth,1953,Mar,6.5,8.3,1.6
Perth,1953,Jun,6.5,4.8,0.0
Perth,1953,Sep,6.6,3.1,1.5
Perth,1953,Dec,6.6,3.1,0.0
Perth,1954,Mar,6.6,1.5,0.0
Perth,1954,Jun,6.7,3.1,1.5
Perth,1954,Sep,6.7,1.5,0.0
Perth,1954,Dec,6.7,1.5,0.0
Perth,1955,Mar,6.7,1.5,0.0
Perth,1955,Jun,6.8,1.5,1.5
Perth,1955,Sep,6.8,1.5,0.0
Perth,1955,Dec,6.9,3.0,1.5
Perth,1956,Mar,6.9,3.0,0.0
Perth,1956,Jun,7.1,4.4,2.9
Perth,1956,Sep,7.1,4.4,0.0
Perth,1956,Dec,7.2,4.3,1.4
Perth,1957,Mar,7.2,4.3,0.0
Perth,1957,Jun,7.3,2.8,1.4
Perth,1957,Sep,7.3,2.8,0.0
Perth,1957,Dec,7.2,0.0,-1.4
Perth,1958,Mar,7.2,0.0,0.0
Perth,1958,Jun,7.3,0.0,1.4
Perth,1958,Sep,7.3,0.0,0.0
Perth,1958,Dec,7.3,1.4,0.0
Perth,1959,Mar,7.4,2.8,1.4
Perth,1959,Jun,7.4,1.4,0.0
Perth,1959,Sep,7.4,1.4,0.0
Perth,1959,Dec,7.4,1.4,0.0
Perth,1960,Mar,7.5,1.4,1.4
Perth,1960,Jun,7.6,2.7,1.3
Perth,1960,Sep,7.7,4.1,1.3
Perth,1960,Dec,7.7,4.1,0.0
Perth,1961,Mar,7.8,4.0,1.3
Perth,1961,Jun,7.9,3.9,1.3
Perth,1961,Sep,7.8,1.3,-1.3
Perth,1961,Dec,7.7,0.0,-1.3
Perth,1962,Mar,7.8,0.0,1.3
Perth,1962,Jun,7.8,-1.3,0.0
Perth,1962,Sep,7.8,0.0,0.0
Perth,1962,Dec,7.8,1.3,0.0
Perth,1963,Mar,7.9,1.3,1.3
Perth,1963,Jun,7.9,1.3,0.0
Perth,1963,Sep,7.9,1.3,0.0
Perth,1963,Dec,7.9,1.3,0.0
Perth,1964,Mar,8.0,1.3,1.3
Perth,1964,Jun,8.0,1.3,0.0
Perth,1964,Sep,8.1,2.5,1.3
Perth,1964,Dec,8.1,2.5,0.0
Perth,1965,Mar,8.2,2.5,1.2
Perth,1965,Jun,8.3,3.8,1.2
Perth,1965,Sep,8.4,3.7,1.2
Perth,1965,Dec,8.4,3.7,0.0
Perth,1966,Mar,8.5,3.7,1.2
Perth,1966,Jun,8.7,4.8,2.4
Perth,1966,Sep,8.7,3.6,0.0
Perth,1966,Dec,8.8,4.8,1.1
Perth,1967,Mar,8.9,4.7,1.1
Perth,1967,Jun,9.0,3.4,1.1
Perth,1967,Sep,9.0,3.4,0.0
Perth,1967,Dec,9.1,3.4,1.1
Perth,1968,Mar,9.1,2.2,0.0
Perth,1968,Jun,9.2,2.2,1.1
Perth,1968,Sep,9.2,2.2,0.0
Perth,1968,Dec,9.2,1.1,0.0
Perth,1969,Mar,9.4,3.3,2.2
Perth,1969,Jun,9.5,3.3,1.1
Perth,1969,Sep,9.5,3.3,0.0
Perth,1969,Dec,9.6,4.3,1.1
Perth,1970,Mar,9.7,3.2,1.0
Perth,1970,Jun,9.9,4.2,2.1
Perth,1970,Sep,9.9,4.2,0.0
Perth,1970,Dec,10.0,4.2,1.0
Perth,1971,Mar,10.1,4.1,1.0
Perth,1971,Jun,10.3,4.0,2.0
Perth,1971,Sep,10.4,5.1,1.0
Perth,1971,Dec,10.6,6.0,1.9
Perth,1972,Mar,10.8,6.9,1.9
Perth,1972,Jun,10.9,5.8,0.9
Perth,1972,Sep,11.0,5.8,0.9
Perth,1972,Dec,11.1,4.7,0.9
Perth,1973,Mar,11.3,4.6,1.8
Perth,1973,Jun,11.6,6.4,2.7
Perth,1973,Sep,11.9,8.2,2.6
Perth,1973,Dec,12.3,10.8,3.4
Perth,1974,Mar,12.5,10.6,1.6
Perth,1974,Jun,13.0,12.1,4.0
Perth,1974,Sep,13.6,14.3,4.6
Perth,1974,Dec,14.4,17.1,5.9
Perth,1975,Mar,15.0,20.0,4.2
Perth,1975,Jun,15.6,20.0,4.0
Perth,1975,Sep,15.6,14.7,0.0
Perth,1975,Dec,16.5,14.6,5.8
Perth,1976,Mar,17.1,14.0,3.6
Perth,1976,Jun,17.7,13.5,3.5
Perth,1976,Sep,18.2,16.7,2.8
Perth,1976,Dec,19.3,17.0,6.0
Perth,1977,Mar,19.8,15.8,2.6
Perth,1977,Jun,20.2,14.1,2.0
Perth,1977,Sep,20.7,13.7,2.5
Perth,1977,Dec,21.5,11.4,3.9
Perth,1978,Mar,21.7,9.6,0.9
Perth,1978,Jun,22.1,9.4,1.8
Perth,1978,Sep,22.5,8.7,1.8
Perth,1978,Dec,23.0,7.0,2.2
Perth,1979,Mar,23.3,7.4,1.3
Perth,1979,Jun,24.0,8.6,3.0
Perth,1979,Sep,24.4,8.4,1.7
Perth,1979,Dec,25.2,9.6,3.3
Perth,1980,Mar,25.7,10.3,2.0
Perth,1980,Jun,26.3,9.6,2.3
Perth,1980,Sep,26.9,10.2,2.3
Perth,1980,Dec,27.3,8.3,1.5
Perth,1981,Mar,27.9,8.6,2.2
Perth,1981,Jun,28.5,8.4,2.2
Perth,1981,Sep,29.4,9.3,3.2
Perth,1981,Dec,30.7,12.5,4.4
Perth,1982,Mar,31.0,11.1,1.0
Perth,1982,Jun,31.6,10.9,1.9
Perth,1982,Sep,32.8,11.6,3.8
Perth,1982,Dec,33.7,9.8,2.7
Perth,1983,Mar,34.2,10.3,1.5
Perth,1983,Jun,34.8,10.1,1.8
Perth,1983,Sep,35.8,9.1,2.9
Perth,1983,Dec,36.5,8.3,2.0
Perth,1984,Mar,36.2,5.8,-0.8
Perth,1984,Jun,36.2,4.0,0.0
Perth,1984,Sep,36.8,2.8,1.7
Perth,1984,Dec,37.2,1.9,1.1
Perth,1985,Mar,37.8,4.4,1.6
Perth,1985,Jun,38.7,6.9,2.4
Perth,1985,Sep,39.4,7.1,1.8
Perth,1985,Dec,40.3,8.3,2.3
Perth,1986,Mar,41.0,8.5,1.7
Perth,1986,Jun,41.7,7.8,1.7
Perth,1986,Sep,43.1,9.4,3.4
Perth,1986,Dec,44.4,10.2,3.0
Perth,1987,Mar,45.2,10.2,1.8
Perth,1987,Jun,46.0,10.3,1.8
Perth,1987,Sep,46.7,8.4,1.5
Perth,1987,Dec,47.5,7.0,1.7
Perth,1988,Mar,48.2,6.6,1.5
Perth,1988,Jun,49.1,6.7,1.9
Perth,1988,Sep,50.1,7.3,2.0
Perth,1988,Dec,51.1,7.6,2.0
Perth,1989,Mar,51.6,7.1,1.0
Perth,1989,Jun,52.8,7.5,2.3
Perth,1989,Sep,54.0,7.8,2.3
Perth,1989,Dec,55.1,7.8,2.0
Perth,1990,Mar,56.4,9.3,2.4
Perth,1990,Jun,57.3,8.5,1.6
Perth,1990,Sep,57.8,7.0,0.9
Perth,1990,Dec,59.2,7.4,2.4
Perth,1991,Mar,58.6,3.9,-1.0
Perth,1991,Jun,58.6,2.3,0.0
Perth,1991,Sep,58.9,1.9,0.5
Perth,1991,Dec,59.1,-0.2,0.3
Perth,1992,Mar,59.1,0.9,0.0
Perth,1992,Jun,58.8,0.3,-0.5
Perth,1992,Sep,58.8,-0.2,0.0
Perth,1992,Dec,59.1,0.0,0.5
Perth,1993,Mar,59.3,0.3,0.3
Perth,1993,Jun,59.5,1.2,0.3
Perth,1993,Sep,60.1,2.2,1.0
Perth,1993,Dec,60.5,2.4,0.7
Perth,1994,Mar,60.5,2.0,0.0
Perth,1994,Jun,60.8,2.2,0.5
Perth,1994,Sep,61.3,2.0,0.8
Perth,1994,Dec,61.8,2.1,0.8
Perth,1995,Mar,63.0,4.1,1.9
Perth,1995,Jun,64.0,5.3,1.6
Perth,1995,Sep,64.4,5.1,0.6
Perth,1995,Dec,64.8,4.9,0.6
Perth,1996,Mar,65.2,3.5,0.6
Perth,1996,Jun,65.7,2.7,0.8
Perth,1996,Sep,65.9,2.3,0.3
Perth,1996,Dec,66.0,1.9,0.2
Perth,1997,Mar,65.9,1.1,-0.2
Perth,1997,Jun,65.8,0.2,-0.2
Perth,1997,Sep,65.5,-0.6,-0.5
Perth,1997,Dec,65.5,-0.8,0.0
Perth,1998,Mar,65.7,-0.3,0.3
Perth,1998,Jun,66.2,0.6,0.8
Perth,1998,Sep,66.7,1.8,0.8
Perth,1998,Dec,67.0,2.3,0.4
Perth,1999,Mar,66.7,1.5,-0.4
Perth,1999,Jun,67.3,1.7,0.9
Perth,1999,Sep,67.9,1.8,0.9
Perth,1999,Dec,68.3,1.9,0.6
Perth,2000,Mar,68.6,2.8,0.4
Perth,2000,Jun,69.1,2.7,0.7
Perth,2000,Sep,71.6,5.4,3.6
Perth,2000,Dec,71.8,5.1,0.3
Perth,2001,Mar,72.2,5.2,0.6
Perth,2001,Jun,73.2,5.9,1.4
Perth,2001,Sep,73.3,2.4,0.1
Perth,2001,Dec,73.9,2.9,0.8
Perth,2002,Mar,74.5,3.2,0.8
Perth,2002,Jun,75.0,2.5,0.7
Perth,2002,Sep,75.7,3.3,0.9
Perth,2002,Dec,76.0,2.8,0.4
Perth,2003,Mar,76.6,2.8,0.8
Perth,2003,Jun,76.5,2.0,-0.1
Perth,2003,Sep,77.2,2.0,0.9
Perth,2003,Dec,77.5,2.0,0.4
Perth,2004,Mar,77.8,1.6,0.4
Perth,2004,Jun,78.6,2.7,1.0
Perth,2004,Sep,79.1,2.5,0.6
Perth,2004,Dec,79.8,3.0,0.9
Perth,2005,Mar,80.4,3.3,0.8
Perth,2005,Jun,81.5,3.7,1.4
Perth,2005,Sep,82.4,4.2,1.1
Perth,2005,Dec,83.0,4.0,0.7
Perth,2006,Mar,83.8,4.2,1.0
Perth,2006,Jun,85.4,4.8,1.9
Perth,2006,Sep,86.3,4.7,1.1
Perth,2006,Dec,86.6,4.3,0.3
Perth,2007,Mar,86.8,3.6,0.2
Perth,2007,Jun,88.0,3.0,1.4
Perth,2007,Sep,88.6,2.7,0.7
Perth,2007,Dec,89.3,3.1,0.8
Perth,2008,Mar,90.5,4.3,1.3
Perth,2008,Jun,92.0,4.5,1.7
Perth,2008,Sep,92.9,4.9,1.0
Perth,2008,Dec,92.6,3.7,-0.3
Perth,2009,Mar,92.5,2.2,-0.1
Perth,2009,Jun,93.3,1.4,0.9
Perth,2009,Sep,94.0,1.2,0.8
Perth,2009,Dec,94.5,2.1,0.5
Perth,2010,Mar,95.6,3.4,1.2
Perth,2010,Jun,96.5,3.4,0.9
Perth,2010,Sep,96.9,3.1,0.4
Perth,2010,Dec,97.0,2.6,0.1
Perth,2011,Mar,98.1,2.6,1.1
Perth,2011,Jun,99.4,3.0,1.3
Perth,2011,Sep,99.6,2.8,0.2
Perth,2011,Dec,99.8,2.9,0.2
Perth,2012,Mar,100.0,1.9,0.2
Perth,2012,Jun,100.5,1.1,0.5
Perth,2012,Sep,101.6,2.0,1.1
Perth,2012,Dec,101.9,2.1,0.3
Perth,2013,Mar,102.4,2.4,0.5
Perth,2013,Jun,103.0,2.5,0.6
Perth,2013,Sep,104.2,2.6,1.2
Perth,2013,Dec,104.9,2.9,0.7
Perth,2014,Mar,105.6,3.1,0.7
Perth,2014,Jun,106.4,3.3,0.8
Perth,2014,Sep,106.9,2.6,0.5
Perth,2014,Dec,107.0,2.0,0.1
Perth,2015,Mar,107.1,1.4,0.1
Perth,2015,Jun,107.7,1.2,0.6
Perth,2015,Sep,108.1,1.1,0.4
Perth,2015,Dec,108.6,1.5,0.5
Perth,2016,Mar,107.9,0.7,-0.6
Perth,2016,Jun,108.2,0.5,0.3
Perth,2016,Sep,108.6,0.5,0.4
Perth,2016,Dec,109.0,0.4,0.4
Perth,2017,Mar,109.0,1.0,0.0
Perth,2017,Jun,109.0,0.7,0.0
Perth,2017,Sep,109.5,0.8,0.5
Perth,2017,Dec,109.9,0.8,0.4
Perth,2018,Mar,110.0,0.9,0.1
Perth,2018,Jun,110.2,1.1,0.2
Perth,2018,Sep,110.8,1.2,0.5
Perth,2018,Dec,111.3,1.3,0.5
Perth,2019,Mar,111.2,1.1,-0.1
Perth,2019,Jun,112.0,1.6,0.7
Perth,2019,Sep,112.6,1.6,0.5
Perth,2019,Dec,113.1,1.6,0.4
Perth,2020,Mar,113.5,2.1,0.4
Perth,2020,Jun,112.1,0.1,-1.2
Perth,2020,Sep,114.1,1.3,1.8
Perth,2020,Dec,113.0,-0.1,-1.0
Perth,2021,Mar,114.6,1.0,1.4
Perth,2021,Jun,116.8,4.2,1.9
Perth,2021,Sep,117.7,3.2,0.8
Perth,2021,Dec,119.4,5.7,1.4
Perth,2022,Mar,123.3,7.6,3.3
Perth,2022,Jun,125.4,7.4,1.7
Perth,2022,Sep,124.8,6.0,-0.5
Perth,2022,Dec,129.3,8.3,3.6
Perth,2023,Mar,130.4,5.8,0.9
Perth,2023,Jun,131.5,4.9,0.8
Hobart,1949,Sep,4.1,7.9,0.0
Hobart,1949,Dec,4.2,7.7,2.4
Hobart,1950,Mar,4.2,5.0,0.0
Hobart,1950,Jun,4.3,4.9,2.4
Hobart,1950,Sep,4.4,7.3,2.3
Hobart,1950,Dec,4.5,7.1,2.3
Hobart,1951,Mar,4.8,14.3,6.7
Hobart,1951,Jun,5.2,20.9,8.3
Hobart,1951,Sep,5.4,22.7,3.8
Hobart,1951,Dec,5.8,28.9,7.4
Hobart,1952,Mar,6.0,25.0,3.4
Hobart,1952,Jun,6.2,19.2,3.3
Hobart,1952,Sep,6.3,16.7,1.6
Hobart,1952,Dec,6.4,10.3,1.6
Hobart,1953,Mar,6.5,8.3,1.6
Hobart,1953,Jun,6.6,6.5,1.5
Hobart,1953,Sep,6.8,7.9,3.0
Hobart,1953,Dec,6.8,6.3,0.0
Hobart,1954,Mar,6.8,4.6,0.0
Hobart,1954,Jun,6.8,3.0,0.0
Hobart,1954,Sep,6.7,-1.5,-1.5
Hobart,1954,Dec,6.7,-1.5,0.0
Hobart,1955,Mar,6.8,0.0,1.5
Hobart,1955,Jun,6.8,0.0,0.0
Hobart,1955,Sep,7.0,4.5,2.9
Hobart,1955,Dec,7.1,6.0,1.4
Hobart,1956,Mar,7.2,5.9,1.4
Hobart,1956,Jun,7.4,8.8,2.8
Hobart,1956,Sep,7.5,7.1,1.4
Hobart,1956,Dec,7.6,7.0,1.3
Hobart,1957,Mar,7.6,5.6,0.0
Hobart,1957,Jun,7.6,2.7,0.0
Hobart,1957,Sep,7.6,1.3,0.0
Hobart,1957,Dec,7.6,0.0,0.0
Hobart,1958,Mar,7.6,0.0,0.0
Hobart,1958,Jun,7.6,0.0,0.0
Hobart,1958,Sep,7.6,0.0,0.0
Hobart,1958,Dec,7.7,1.3,1.3
Hobart,1959,Mar,7.7,1.3,0.0
Hobart,1959,Jun,7.7,1.3,0.0
Hobart,1959,Sep,7.7,1.3,0.0
Hobart,1959,Dec,7.7,0.0,0.0
Hobart,1960,Mar,7.8,1.3,1.3
Hobart,1960,Jun,7.9,2.6,1.3
Hobart,1960,Sep,8.1,5.2,2.5
Hobart,1960,Dec,8.2,6.5,1.2
Hobart,1961,Mar,8.3,6.4,1.2
Hobart,1961,Jun,8.3,5.1,0.0
Hobart,1961,Sep,8.4,3.7,1.2
Hobart,1961,Dec,8.3,1.2,-1.2
Hobart,1962,Mar,8.3,0.0,0.0
Hobart,1962,Jun,8.3,0.0,0.0
Hobart,1962,Sep,8.3,-1.2,0.0
Hobart,1962,Dec,8.3,0.0,0.0
Hobart,1963,Mar,8.3,0.0,0.0
Hobart,1963,Jun,8.3,0.0,0.0
Hobart,1963,Sep,8.3,0.0,0.0
Hobart,1963,Dec,8.4,1.2,1.2
Hobart,1964,Mar,8.4,1.2,0.0
Hobart,1964,Jun,8.4,1.2,0.0
Hobart,1964,Sep,8.5,2.4,1.2
Hobart,1964,Dec,8.6,2.4,1.2
Hobart,1965,Mar,8.6,2.4,0.0
Hobart,1965,Jun,8.8,4.8,2.3
Hobart,1965,Sep,8.9,4.7,1.1
Hobart,1965,Dec,9.0,4.7,1.1
Hobart,1966,Mar,8.9,3.5,-1.1
Hobart,1966,Jun,9.0,2.3,1.1
Hobart,1966,Sep,9.0,1.1,0.0
Hobart,1966,Dec,9.0,0.0,0.0
Hobart,1967,Mar,9.2,3.4,2.2
Hobart,1967,Jun,9.3,3.3,1.1
Hobart,1967,Sep,9.5,5.6,2.2
Hobart,1967,Dec,9.6,6.7,1.1
Hobart,1968,Mar,9.5,3.3,-1.0
Hobart,1968,Jun,9.5,2.2,0.0
Hobart,1968,Sep,9.6,1.1,1.1
Hobart,1968,Dec,9.7,1.0,1.0
Hobart,1969,Mar,9.7,2.1,0.0
Hobart,1969,Jun,9.8,3.2,1.0
Hobart,1969,Sep,9.8,2.1,0.0
Hobart,1969,Dec,9.9,2.1,1.0
Hobart,1970,Mar,9.9,2.1,0.0
Hobart,1970,Jun,10.0,2.0,1.0
Hobart,1970,Sep,10.0,2.0,0.0
Hobart,1970,Dec,10.3,4.0,3.0
Hobart,1971,Mar,10.3,4.0,0.0
Hobart,1971,Jun,10.5,5.0,1.9
Hobart,1971,Sep,10.7,7.0,1.9
Hobart,1971,Dec,11.0,6.8,2.8
Hobart,1972,Mar,11.1,7.8,0.9
Hobart,1972,Jun,11.1,5.7,0.0
Hobart,1972,Sep,11.3,5.6,1.8
Hobart,1972,Dec,11.4,3.6,0.9
Hobart,1973,Mar,11.6,4.5,1.8
Hobart,1973,Jun,12.0,8.1,3.4
Hobart,1973,Sep,12.3,8.8,2.5
Hobart,1973,Dec,12.9,13.2,4.9
Hobart,1974,Mar,13.1,12.9,1.6
Hobart,1974,Jun,13.7,14.2,4.6
Hobart,1974,Sep,14.4,17.1,5.1
Hobart,1974,Dec,15.1,17.1,4.9
Hobart,1975,Mar,15.4,17.6,2.0
Hobart,1975,Jun,15.9,16.1,3.2
Hobart,1975,Sep,16.1,11.8,1.3
Hobart,1975,Dec,17.3,14.6,7.5
Hobart,1976,Mar,17.7,14.9,2.3
Hobart,1976,Jun,18.3,15.1,3.4
Hobart,1976,Sep,18.7,16.1,2.2
Hobart,1976,Dec,19.8,14.5,5.9
Hobart,1977,Mar,20.2,14.1,2.0
Hobart,1977,Jun,20.7,13.1,2.5
Hobart,1977,Sep,21.2,13.4,2.4
Hobart,1977,Dec,21.7,9.6,2.4
Hobart,1978,Mar,22.0,8.9,1.4
Hobart,1978,Jun,22.4,8.2,1.8
Hobart,1978,Sep,22.7,7.1,1.3
Hobart,1978,Dec,23.2,6.9,2.2
Hobart,1979,Mar,23.7,7.7,2.2
Hobart,1979,Jun,24.4,8.9,3.0
Hobart,1979,Sep,25.0,10.1,2.5
Hobart,1979,Dec,25.7,10.8,2.8
Hobart,1980,Mar,26.2,10.5,1.9
Hobart,1980,Jun,26.8,9.8,2.3
Hobart,1980,Sep,27.5,10.0,2.6
Hobart,1980,Dec,28.0,8.9,1.8
Hobart,1981,Mar,28.6,9.2,2.1
Hobart,1981,Jun,29.2,9.0,2.1
Hobart,1981,Sep,29.9,8.7,2.4
Hobart,1981,Dec,31.0,10.7,3.7
Hobart,1982,Mar,31.5,10.1,1.6
Hobart,1982,Jun,32.1,9.9,1.9
Hobart,1982,Sep,33.1,10.7,3.1
Hobart,1982,Dec,34.2,10.3,3.3
Hobart,1983,Mar,35.0,11.1,2.3
Hobart,1983,Jun,35.6,10.9,1.7
Hobart,1983,Sep,36.1,9.1,1.4
Hobart,1983,Dec,36.9,7.9,2.2
Hobart,1984,Mar,37.0,5.7,0.3
Hobart,1984,Jun,37.0,3.9,0.0
Hobart,1984,Sep,37.4,3.6,1.1
Hobart,1984,Dec,38.2,3.5,2.1
Hobart,1985,Mar,38.8,4.9,1.6
Hobart,1985,Jun,39.7,7.3,2.3
Hobart,1985,Sep,40.7,8.8,2.5
Hobart,1985,Dec,41.5,8.6,2.0
Hobart,1986,Mar,42.2,8.8,1.7
Hobart,1986,Jun,43.1,8.6,2.1
Hobart,1986,Sep,44.2,8.6,2.6
Hobart,1986,Dec,45.7,10.1,3.4
Hobart,1987,Mar,46.6,10.4,2.0
Hobart,1987,Jun,47.4,10.0,1.7
Hobart,1987,Sep,48.2,9.0,1.7
Hobart,1987,Dec,49.0,7.2,1.7
Hobart,1988,Mar,49.8,6.9,1.6
Hobart,1988,Jun,50.5,6.5,1.4
Hobart,1988,Sep,51.1,6.0,1.2
Hobart,1988,Dec,51.9,5.9,1.6
Hobart,1989,Mar,52.9,6.2,1.9
Hobart,1989,Jun,53.9,6.7,1.9
Hobart,1989,Sep,54.8,7.2,1.7
Hobart,1989,Dec,55.8,7.5,1.8
Hobart,1990,Mar,56.7,7.2,1.6
Hobart,1990,Jun,57.2,6.1,0.9
Hobart,1990,Sep,57.8,5.5,1.0
Hobart,1990,Dec,59.2,6.1,2.4
Hobart,1991,Mar,59.1,4.2,-0.2
Hobart,1991,Jun,59.4,3.8,0.5
Hobart,1991,Sep,59.9,3.6,0.8
Hobart,1991,Dec,60.3,1.9,0.7
Hobart,1992,Mar,60.3,2.0,0.0
Hobart,1992,Jun,60.1,1.2,-0.3
Hobart,1992,Sep,60.4,0.8,0.5
Hobart,1992,Dec,60.6,0.5,0.3
Hobart,1993,Mar,61.2,1.5,1.0
Hobart,1993,Jun,61.4,2.2,0.3
Hobart,1993,Sep,62.3,3.1,1.5
Hobart,1993,Dec,62.6,3.3,0.5
Hobart,1994,Mar,62.8,2.6,0.3
Hobart,1994,Jun,63.1,2.8,0.5
Hobart,1994,Sep,63.6,2.1,0.8
Hobart,1994,Dec,64.1,2.4,0.8
Hobart,1995,Mar,65.2,3.8,1.7
Hobart,1995,Jun,65.7,4.1,0.8
Hobart,1995,Sep,66.5,4.6,1.2
Hobart,1995,Dec,66.9,4.4,0.6
Hobart,1996,Mar,67.4,3.4,0.7
Hobart,1996,Jun,67.7,3.0,0.4
Hobart,1996,Sep,68.0,2.3,0.4
Hobart,1996,Dec,68.1,1.8,0.1
Hobart,1997,Mar,68.4,1.5,0.4
Hobart,1997,Jun,68.1,0.6,-0.4
Hobart,1997,Sep,67.7,-0.4,-0.6
Hobart,1997,Dec,68.0,-0.1,0.4
Hobart,1998,Mar,68.2,-0.3,0.3
Hobart,1998,Jun,68.5,0.6,0.4
Hobart,1998,Sep,68.9,1.8,0.6
Hobart,1998,Dec,68.9,1.3,0.0
Hobart,1999,Mar,68.6,0.6,-0.4
Hobart,1999,Jun,68.8,0.4,0.3
Hobart,1999,Sep,69.2,0.4,0.6
Hobart,1999,Dec,69.6,1.0,0.6
Hobart,2000,Mar,70.3,2.5,1.0
Hobart,2000,Jun,71.0,3.2,1.0
Hobart,2000,Sep,73.7,6.5,3.8
Hobart,2000,Dec,73.7,5.9,0.0
Hobart,2001,Mar,74.2,5.5,0.7
Hobart,2001,Jun,74.9,5.5,0.9
Hobart,2001,Sep,74.6,1.2,-0.4
Hobart,2001,Dec,75.2,2.0,0.8
Hobart,2002,Mar,75.9,2.3,0.9
Hobart,2002,Jun,76.9,2.7,1.3
Hobart,2002,Sep,77.2,3.5,0.4
Hobart,2002,Dec,77.5,3.1,0.4
Hobart,2003,Mar,78.6,3.6,1.4
Hobart,2003,Jun,79.1,2.9,0.6
Hobart,2003,Sep,79.2,2.6,0.1
Hobart,2003,Dec,79.7,2.8,0.6
Hobart,2004,Mar,80.3,2.2,0.8
Hobart,2004,Jun,81.0,2.4,0.9
Hobart,2004,Sep,81.4,2.8,0.5
Hobart,2004,Dec,82.4,3.4,1.2
Hobart,2005,Mar,83.1,3.5,0.8
Hobart,2005,Jun,83.5,3.1,0.5
Hobart,2005,Sep,84.3,3.6,1.0
Hobart,2005,Dec,84.8,2.9,0.6
Hobart,2006,Mar,85.4,2.8,0.7
Hobart,2006,Jun,86.4,3.5,1.2
Hobart,2006,Sep,87.1,3.3,0.8
Hobart,2006,Dec,86.8,2.4,-0.3
Hobart,2007,Mar,87.3,2.2,0.6
Hobart,2007,Jun,88.4,2.3,1.3
Hobart,2007,Sep,88.6,1.7,0.2
Hobart,2007,Dec,89.4,3.0,0.9
Hobart,2008,Mar,90.5,3.7,1.2
Hobart,2008,Jun,91.5,3.5,1.1
Hobart,2008,Sep,92.5,4.4,1.1
Hobart,2008,Dec,92.3,3.2,-0.2
Hobart,2009,Mar,92.5,2.2,0.2
Hobart,2009,Jun,93.0,1.6,0.5
Hobart,2009,Sep,94.1,1.7,1.2
Hobart,2009,Dec,94.7,2.6,0.6
Hobart,2010,Mar,95.4,3.1,0.7
Hobart,2010,Jun,95.8,3.0,0.4
Hobart,2010,Sep,96.8,2.9,1.0
Hobart,2010,Dec,96.9,2.3,0.1
Hobart,2011,Mar,98.2,2.9,1.3
Hobart,2011,Jun,99.1,3.4,0.9
Hobart,2011,Sep,99.9,3.2,0.8
Hobart,2011,Dec,100.0,3.2,0.1
Hobart,2012,Mar,100.3,2.1,0.3
Hobart,2012,Jun,99.9,0.8,-0.4
Hobart,2012,Sep,100.6,0.7,0.7
Hobart,2012,Dec,101.0,1.0,0.4
Hobart,2013,Mar,101.3,1.0,0.3
Hobart,2013,Jun,101.7,1.8,0.4
Hobart,2013,Sep,102.6,2.0,0.9
Hobart,2013,Dec,103.6,2.6,1.0
Hobart,2014,Mar,104.1,2.8,0.5
Hobart,2014,Jun,104.5,2.8,0.4
Hobart,2014,Sep,104.6,1.9,0.1
Hobart,2014,Dec,104.7,1.1,0.1
Hobart,2015,Mar,105.0,0.9,0.3
Hobart,2015,Jun,105.1,0.6,0.1
Hobart,2015,Sep,105.7,1.1,0.6
Hobart,2015,Dec,106.6,1.8,0.9
Hobart,2016,Mar,106.4,1.3,-0.2
Hobart,2016,Jun,106.4,1.2,0.0
Hobart,2016,Sep,107.1,1.3,0.7
Hobart,2016,Dec,108.0,1.3,0.8
Hobart,2017,Mar,108.9,2.3,0.8
Hobart,2017,Jun,108.9,2.3,0.0
Hobart,2017,Sep,109.2,2.0,0.3
Hobart,2017,Dec,110.3,2.1,1.0
Hobart,2018,Mar,111.1,2.0,0.7
Hobart,2018,Jun,111.5,2.4,0.4
Hobart,2018,Sep,112.2,2.7,0.6
Hobart,2018,Dec,113.6,3.0,1.2
Hobart,2019,Mar,113.4,2.1,-0.2
Hobart,2019,Jun,114.1,2.3,0.6
Hobart,2019,Sep,114.7,2.2,0.5
Hobart,2019,Dec,116.7,2.7,1.7
Hobart,2020,Mar,117.2,3.4,0.4
Hobart,2020,Jun,115.6,1.3,-1.4
Hobart,2020,Sep,116.7,1.7,1.0
Hobart,2020,Dec,117.6,0.8,0.8
Hobart,2021,Mar,118.5,1.1,0.8
Hobart,2021,Jun,119.8,3.6,1.1
Hobart,2021,Sep,120.2,3.0,0.3
Hobart,2021,Dec,122.9,4.5,2.2
Hobart,2022,Mar,125.4,5.8,2.0
Hobart,2022,Jun,127.6,6.5,1.8
Hobart,2022,Sep,130.5,8.6,2.3
Hobart,2022,Dec,132.4,7.7,1.5
Hobart,2023,Mar,134.0,6.9,1.2
Hobart,2023,Jun,134.6,5.5,0.4
Canberra,1949,Sep,4.3,10.3,2.4
Canberra,1949,Dec,4.3,4.9,0.0
Canberra,1950,Mar,4.4,7.3,2.3
Canberra,1950,Jun,4.6,9.5,4.5
Canberra,1950,Sep,4.7,9.3,2.2
Canberra,1950,Dec,4.8,11.6,2.1
Canberra,1951,Mar,5.1,15.9,6.3
Canberra,1951,Jun,5.4,17.4,5.9
Canberra,1951,Sep,5.7,21.3,5.6
Canberra,1951,Dec,6.0,25.0,5.3
Canberra,1952,Mar,6.2,21.6,3.3
Canberra,1952,Jun,6.5,20.4,4.8
Canberra,1952,Sep,6.7,17.5,3.1
Canberra,1952,Dec,6.7,11.7,0.0
Canberra,1953,Mar,6.8,9.7,1.5
Canberra,1953,Jun,6.8,4.6,0.0
Canberra,1953,Sep,6.9,3.0,1.5
Canberra,1953,Dec,7.0,4.5,1.4
Canberra,1954,Mar,6.9,1.5,-1.4
Canberra,1954,Jun,6.9,1.5,0.0
Canberra,1954,Sep,6.9,0.0,0.0
Canberra,1954,Dec,7.0,0.0,1.4
Canberra,1955,Mar,7.0,1.4,0.0
Canberra,1955,Jun,7.1,2.9,1.4
Canberra,1955,Sep,7.2,4.3,1.4
Canberra,1955,Dec,7.2,2.9,0.0
Canberra,1956,Mar,7.3,4.3,1.4
Canberra,1956,Jun,7.4,4.2,1.4
Canberra,1956,Sep,7.6,5.6,2.7
Canberra,1956,Dec,7.7,6.9,1.3
Canberra,1957,Mar,7.7,5.5,0.0
Canberra,1957,Jun,7.7,4.1,0.0
Canberra,1957,Sep,7.7,1.3,0.0
Canberra,1957,Dec,7.7,0.0,0.0
Canberra,1958,Mar,7.7,0.0,0.0
Canberra,1958,Jun,7.8,1.3,1.3
Canberra,1958,Sep,7.7,0.0,-1.3
Canberra,1958,Dec,7.8,1.3,1.3
Canberra,1959,Mar,7.8,1.3,0.0
Canberra,1959,Jun,7.9,1.3,1.3
Canberra,1959,Sep,7.9,2.6,0.0
Canberra,1959,Dec,7.9,1.3,0.0
Canberra,1960,Mar,8.0,2.6,1.3
Canberra,1960,Jun,8.0,1.3,0.0
Canberra,1960,Sep,8.2,3.8,2.5
Canberra,1960,Dec,8.2,3.8,0.0
Canberra,1961,Mar,8.2,2.5,0.0
Canberra,1961,Jun,8.3,3.8,1.2
Canberra,1961,Sep,8.3,1.2,0.0
Canberra,1961,Dec,8.4,2.4,1.2
Canberra,1962,Mar,8.3,1.2,-1.2
Canberra,1962,Jun,8.3,0.0,0.0
Canberra,1962,Sep,8.3,0.0,0.0
Canberra,1962,Dec,8.4,0.0,1.2
Canberra,1963,Mar,8.3,0.0,-1.2
Canberra,1963,Jun,8.3,0.0,0.0
Canberra,1963,Sep,8.4,1.2,1.2
Canberra,1963,Dec,8.4,0.0,0.0
Canberra,1964,Mar,8.4,1.2,0.0
Canberra,1964,Jun,8.4,1.2,0.0
Canberra,1964,Sep,8.5,1.2,1.2
Canberra,1964,Dec,8.7,3.6,2.4
Canberra,1965,Mar,8.7,3.6,0.0
Canberra,1965,Jun,8.8,4.8,1.1
Canberra,1965,Sep,8.8,3.5,0.0
Canberra,1965,Dec,8.9,2.3,1.1
Canberra,1966,Mar,8.9,2.3,0.0
Canberra,1966,Jun,8.9,1.1,0.0
Canberra,1966,Sep,9.0,2.3,1.1
Canberra,1966,Dec,9.0,1.1,0.0
Canberra,1967,Mar,9.1,2.2,1.1
Canberra,1967,Jun,9.2,3.4,1.1
Canberra,1967,Sep,9.3,3.3,1.1
Canberra,1967,Dec,9.3,3.3,0.0
Canberra,1968,Mar,9.3,2.2,0.0
Canberra,1968,Jun,9.4,2.2,1.1
Canberra,1968,Sep,9.4,1.1,0.0
Canberra,1968,Dec,9.4,1.1,0.0
Canberra,1969,Mar,9.5,2.2,1.1
Canberra,1969,Jun,9.5,1.1,0.0
Canberra,1969,Sep,9.6,2.1,1.1
Canberra,1969,Dec,9.7,3.2,1.0
Canberra,1970,Mar,9.8,3.2,1.0
Canberra,1970,Jun,9.9,4.2,1.0
Canberra,1970,Sep,10.0,4.2,1.0
Canberra,1970,Dec,10.3,6.2,3.0
Canberra,1971,Mar,10.3,5.1,0.0
Canberra,1971,Jun,10.5,6.1,1.9
Canberra,1971,Sep,10.7,7.0,1.9
Canberra,1971,Dec,10.8,4.9,0.9
Canberra,1972,Mar,10.9,5.8,0.9
Canberra,1972,Jun,11.0,4.8,0.9
Canberra,1972,Sep,11.2,4.7,1.8
Canberra,1972,Dec,11.3,4.6,0.9
Canberra,1973,Mar,11.5,5.5,1.8
Canberra,1973,Jun,11.9,8.2,3.5
Canberra,1973,Sep,12.3,9.8,3.4
Canberra,1973,Dec,12.8,13.3,4.1
Canberra,1974,Mar,13.2,14.8,3.1
Canberra,1974,Jun,13.6,14.3,3.0
Canberra,1974,Sep,14.3,16.3,5.1
Canberra,1974,Dec,14.8,15.6,3.5
Canberra,1975,Mar,15.1,14.4,2.0
Canberra,1975,Jun,15.8,16.2,4.6
Canberra,1975,Sep,15.7,9.8,-0.6
Canberra,1975,Dec,17.0,14.9,8.3
Canberra,1976,Mar,17.4,15.2,2.4
Canberra,1976,Jun,18.0,13.9,3.4
Canberra,1976,Sep,18.4,17.2,2.2
Canberra,1976,Dec,19.4,14.1,5.4
Canberra,1977,Mar,19.7,13.2,1.5
Canberra,1977,Jun,20.0,11.1,1.5
Canberra,1977,Sep,20.4,10.9,2.0
Canberra,1977,Dec,21.1,8.8,3.4
Canberra,1978,Mar,21.3,8.1,0.9
Canberra,1978,Jun,21.6,8.0,1.4
Canberra,1978,Sep,22.1,8.3,2.3
Canberra,1978,Dec,22.6,7.1,2.3
Canberra,1979,Mar,23.0,8.0,1.8
Canberra,1979,Jun,23.7,9.7,3.0
Canberra,1979,Sep,24.3,10.0,2.5
Canberra,1979,Dec,24.9,10.2,2.5
Canberra,1980,Mar,25.6,11.3,2.8
Canberra,1980,Jun,26.3,11.0,2.7
Canberra,1980,Sep,26.8,10.3,1.9
Canberra,1980,Dec,27.4,10.0,2.2
Canberra,1981,Mar,28.0,9.4,2.2
Canberra,1981,Jun,28.7,9.1,2.5
Canberra,1981,Sep,29.3,9.3,2.1
Canberra,1981,Dec,30.5,11.3,4.1
Canberra,1982,Mar,31.0,10.7,1.6
Canberra,1982,Jun,31.9,11.1,2.9
Canberra,1982,Sep,32.9,12.3,3.1
Canberra,1982,Dec,34.2,12.1,4.0
Canberra,1983,Mar,34.9,12.6,2.0
Canberra,1983,Jun,35.5,11.3,1.7
Canberra,1983,Sep,36.0,9.4,1.4
Canberra,1983,Dec,36.9,7.9,2.5
Canberra,1984,Mar,36.9,5.7,0.0
Canberra,1984,Jun,37.0,4.2,0.3
Canberra,1984,Sep,37.5,4.2,1.4
Canberra,1984,Dec,38.1,3.3,1.6
Canberra,1985,Mar,38.7,4.9,1.6
Canberra,1985,Jun,39.6,7.0,2.3
Canberra,1985,Sep,40.5,8.0,2.3
Canberra,1985,Dec,41.4,8.7,2.2
Canberra,1986,Mar,42.3,9.3,2.2
Canberra,1986,Jun,43.0,8.6,1.7
Canberra,1986,Sep,43.9,8.4,2.1
Canberra,1986,Dec,45.0,8.7,2.5
Canberra,1987,Mar,45.8,8.3,1.8
Canberra,1987,Jun,46.5,8.1,1.5
Canberra,1987,Sep,47.1,7.3,1.3
Canberra,1987,Dec,48.0,6.7,1.9
Canberra,1988,Mar,48.9,6.8,1.9
Canberra,1988,Jun,49.8,7.1,1.8
Canberra,1988,Sep,50.4,7.0,1.2
Canberra,1988,Dec,51.3,6.9,1.8
Canberra,1989,Mar,51.9,6.1,1.2
Canberra,1989,Jun,53.1,6.6,2.3
Canberra,1989,Sep,53.9,6.9,1.5
Canberra,1989,Dec,55.1,7.4,2.2
Canberra,1990,Mar,56.2,8.3,2.0
Canberra,1990,Jun,56.8,7.0,1.1
Canberra,1990,Sep,57.2,6.1,0.7
Canberra,1990,Dec,58.8,6.7,2.8
Canberra,1991,Mar,58.6,4.3,-0.3
Canberra,1991,Jun,58.6,3.2,0.0
Canberra,1991,Sep,59.4,3.8,1.4
Canberra,1991,Dec,59.9,1.9,0.8
Canberra,1992,Mar,60.1,2.6,0.3
Canberra,1992,Jun,59.9,2.2,-0.3
Canberra,1992,Sep,60.3,1.5,0.7
Canberra,1992,Dec,60.5,1.0,0.3
Canberra,1993,Mar,61.1,1.7,1.0
Canberra,1993,Jun,61.2,2.2,0.2
Canberra,1993,Sep,61.6,2.2,0.7
Canberra,1993,Dec,61.8,2.1,0.3
Canberra,1994,Mar,61.8,1.1,0.0
Canberra,1994,Jun,62.2,1.6,0.6
Canberra,1994,Sep,62.5,1.5,0.5
Canberra,1994,Dec,63.2,2.3,1.1
Canberra,1995,Mar,64.5,4.4,2.1
Canberra,1995,Jun,65.3,5.0,1.2
Canberra,1995,Sep,66.1,5.8,1.2
Canberra,1995,Dec,66.6,5.4,0.8
Canberra,1996,Mar,67.0,3.9,0.6
Canberra,1996,Jun,67.4,3.2,0.6
Canberra,1996,Sep,67.4,2.0,0.0
Canberra,1996,Dec,67.4,1.2,0.0
Canberra,1997,Mar,67.4,0.6,0.0
Canberra,1997,Jun,66.8,-0.9,-0.9
Canberra,1997,Sep,66.5,-1.3,-0.4
Canberra,1997,Dec,66.5,-1.3,0.0
Canberra,1998,Mar,66.9,-0.7,0.6
Canberra,1998,Jun,67.3,0.7,0.6
Canberra,1998,Sep,67.3,1.2,0.0
Canberra,1998,Dec,67.5,1.5,0.3
Canberra,1999,Mar,67.4,0.7,-0.1
Canberra,1999,Jun,67.4,0.1,0.0
Canberra,1999,Sep,68.0,1.0,0.9
Canberra,1999,Dec,68.6,1.6,0.9
Canberra,2000,Mar,69.3,2.8,1.0
Canberra,2000,Jun,69.9,3.7,0.9
Canberra,2000,Sep,72.5,6.6,3.7
Canberra,2000,Dec,72.8,6.1,0.4
Canberra,2001,Mar,73.3,5.8,0.7
Canberra,2001,Jun,74.0,5.9,1.0
Canberra,2001,Sep,74.0,2.1,0.0
Canberra,2001,Dec,74.9,2.9,1.2
Canberra,2002,Mar,75.3,2.7,0.5
Canberra,2002,Jun,76.2,3.0,1.2
Canberra,2002,Sep,76.6,3.5,0.5
Canberra,2002,Dec,77.3,3.2,0.9
Canberra,2003,Mar,78.1,3.7,1.0
Canberra,2003,Jun,78.1,2.5,0.0
Canberra,2003,Sep,78.8,2.9,0.9
Canberra,2003,Dec,79.3,2.6,0.6
Canberra,2004,Mar,79.9,2.3,0.8
Canberra,2004,Jun,80.4,2.9,0.6
Canberra,2004,Sep,80.8,2.5,0.5
Canberra,2004,Dec,81.2,2.4,0.5
Canberra,2005,Mar,81.6,2.1,0.5
Canberra,2005,Jun,82.1,2.1,0.6
Canberra,2005,Sep,83.1,2.8,1.2
Canberra,2005,Dec,83.7,3.1,0.7
Canberra,2006,Mar,84.5,3.6,1.0
Canberra,2006,Jun,86.0,4.8,1.8
Canberra,2006,Sep,86.6,4.2,0.7
Canberra,2006,Dec,86.4,3.2,-0.2
Canberra,2007,Mar,86.5,2.4,0.1
Canberra,2007,Jun,87.7,2.0,1.4
Canberra,2007,Sep,88.4,2.1,0.8
Canberra,2007,Dec,89.2,3.2,0.9
Canberra,2008,Mar,90.5,4.6,1.5
Canberra,2008,Jun,91.6,4.4,1.2
Canberra,2008,Sep,93.0,5.2,1.5
Canberra,2008,Dec,92.6,3.8,-0.4
Canberra,2009,Mar,92.9,2.7,0.3
Canberra,2009,Jun,93.5,2.1,0.6
Canberra,2009,Sep,94.3,1.4,0.9
Canberra,2009,Dec,94.7,2.3,0.4
Canberra,2010,Mar,95.3,2.6,0.6
Canberra,2010,Jun,95.6,2.2,0.3
Canberra,2010,Sep,96.3,2.1,0.7
Canberra,2010,Dec,96.7,2.1,0.4
Canberra,2011,Mar,98.1,2.9,1.4
Canberra,2011,Jun,99.2,3.8,1.1
Canberra,2011,Sep,99.8,3.6,0.6
Canberra,2011,Dec,100.1,3.5,0.3
Canberra,2012,Mar,99.7,1.6,-0.4
Canberra,2012,Jun,100.3,1.1,0.6
Canberra,2012,Sep,101.4,1.6,1.1
Canberra,2012,Dec,101.8,1.7,0.4
Canberra,2013,Mar,101.9,2.2,0.1
Canberra,2013,Jun,102.5,2.2,0.6
Canberra,2013,Sep,103.1,1.7,0.6
Canberra,2013,Dec,104.1,2.3,1.0
Canberra,2014,Mar,104.6,2.6,0.5
Canberra,2014,Jun,104.8,2.2,0.2
Canberra,2014,Sep,105.2,2.0,0.4
Canberra,2014,Dec,105.3,1.2,0.1
Canberra,2015,Mar,105.2,0.6,-0.1
Canberra,2015,Jun,105.6,0.8,0.4
Canberra,2015,Sep,105.8,0.6,0.2
Canberra,2015,Dec,106.0,0.7,0.2
Canberra,2016,Mar,106.2,1.0,0.2
Canberra,2016,Jun,106.4,0.8,0.2
Canberra,2016,Sep,107.3,1.4,0.8
Canberra,2016,Dec,107.9,1.8,0.6
Canberra,2017,Mar,108.6,2.3,0.6
Canberra,2017,Jun,108.6,2.1,0.0
Canberra,2017,Sep,109.6,2.1,0.9
Canberra,2017,Dec,110.3,2.2,0.6
Canberra,2018,Mar,111.2,2.4,0.8
Canberra,2018,Jun,111.6,2.8,0.4
Canberra,2018,Sep,112.3,2.5,0.6
Canberra,2018,Dec,113.1,2.5,0.7
Canberra,2019,Mar,113.2,1.8,0.1
Canberra,2019,Jun,113.5,1.7,0.3
Canberra,2019,Sep,114.3,1.8,0.7
Canberra,2019,Dec,115.0,1.7,0.6
Canberra,2020,Mar,115.5,2.0,0.4
Canberra,2020,Jun,112.8,-0.6,-2.3
Canberra,2020,Sep,115.4,1.0,2.3
Canberra,2020,Dec,116.3,1.1,0.8
Canberra,2021,Mar,117.3,1.6,0.9
Canberra,2021,Jun,118.2,4.8,0.8
Canberra,2021,Sep,119.7,3.7,1.3
Canberra,2021,Dec,120.9,4.0,1.0
Canberra,2022,Mar,123.6,5.4,2.2
Canberra,2022,Jun,125.6,6.3,1.6
Canberra,2022,Sep,128.0,6.9,1.9
Canberra,2022,Dec,129.5,7.1,1.2
Canberra,2023,Mar,131.3,6.2,1.4
Canberra,2023,Jun,132.7,5.7,1.1
Australia,1949,Sep,Sep-1949,10.8,2.5
Australia,1949,Dec,Dec-1949,7.9,0.0
Australia,1950,Mar,Mar-1950,7.7,2.4
Australia,1950,Jun,Jun-1950,7.5,2.4
Australia,1950,Sep,Sep-1950,7.3,2.3
Australia,1950,Dec,Dec-1950,12.2,4.5
Australia,1951,Mar,Mar-1951,14.3,4.3
Australia,1951,Jun,Jun-1951,18.6,6.3
Australia,1951,Sep,Sep-1951,20.5,3.9
Australia,1951,Dec,Dec-1951,23.9,7.5
Australia,1952,Mar,Mar-1952,22.9,3.5
Australia,1952,Jun,Jun-1952,19.6,3.4
Australia,1952,Sep,Sep-1952,17.0,1.6
Australia,1952,Dec,Dec-1952,10.5,1.6
Australia,1953,Mar,Mar-1953,6.8,0.0
Australia,1953,Jun,Jun-1953,4.9,1.6
Australia,1953,Sep,Sep-1953,4.8,1.6
Australia,1953,Dec,Dec-1953,1.6,-1.5
Australia,1954,Mar,Mar-1954,3.2,1.6
Australia,1954,Jun,Jun-1954,1.6,0.0
Australia,1954,Sep,Sep-1954,0.0,0.0
Australia,1954,Dec,Dec-1954,1.6,0.0
Australia,1955,Mar,Mar-1955,0.0,0.0
Australia,1955,Jun,Jun-1955,1.5,1.5
Australia,1955,Sep,Sep-1955,1.5,0.0
Australia,1955,Dec,Dec-1955,3.1,1.5
Australia,1956,Mar,Mar-1956,3.1,0.0
Australia,1956,Jun,Jun-1956,6.1,4.5
Australia,1956,Sep,Sep-1956,7.6,1.4
Australia,1956,Dec,Dec-1956,6.0,0.0
Australia,1957,Mar,Mar-1957,6.0,0.0
Australia,1957,Jun,Jun-1957,2.9,1.4
Australia,1957,Sep,Sep-1957,1.4,0.0
Australia,1957,Dec,Dec-1957,1.4,0.0
Australia,1958,Mar,Mar-1958,1.4,0.0
Australia,1958,Jun,Jun-1958,0.0,0.0
Australia,1958,Sep,Sep-1958,0.0,0.0
Australia,1958,Dec,Dec-1958,1.4,1.4
Australia,1959,Mar,Mar-1959,1.4,0.0
Australia,1959,Jun,Jun-1959,1.4,0.0
Australia,1959,Sep,Sep-1959,2.8,1.4
Australia,1959,Dec,Dec-1959,2.7,1.4
Australia,1960,Mar,Mar-1960,2.7,0.0
Australia,1960,Jun,Jun-1960,4.1,1.3
Australia,1960,Sep,Sep-1960,4.1,1.3
Australia,1960,Dec,Dec-1960,4.0,1.3
Australia,1961,Mar,Mar-1961,4.0,0.0
Australia,1961,Jun,Jun-1961,3.9,1.3
Australia,1961,Sep,Sep-1961,1.3,-1.3
Australia,1961,Dec,Dec-1961,0.0,0.0
Australia,1962,Mar,Mar-1962,0.0,0.0
Australia,1962,Jun,Jun-1962,-1.3,0.0
Australia,1962,Sep,Sep-1962,0.0,0.0
Australia,1962,Dec,Dec-1962,0.0,0.0
Australia,1963,Mar,Mar-1963,0.0,0.0
Australia,1963,Jun,Jun-1963,0.0,0.0
Australia,1963,Sep,Sep-1963,1.3,1.3
Australia,1963,Dec,Dec-1963,1.3,0.0
Australia,1964,Mar,Mar-1964,2.6,1.3
Australia,1964,Jun,Jun-1964,2.6,0.0
Australia,1964,Sep,Sep-1964,2.5,1.3
Australia,1964,Dec,Dec-1964,3.8,1.2
Australia,1965,Mar,Mar-1965,2.5,0.0
Australia,1965,Jun,Jun-1965,3.8,1.2
Australia,1965,Sep,Sep-1965,3.7,1.2
Australia,1965,Dec,Dec-1965,3.7,1.2
Australia,1966,Mar,Mar-1966,4.9,1.2
Australia,1966,Jun,Jun-1966,3.6,0.0
Australia,1966,Sep,Sep-1966,2.4,0.0
Australia,1966,Dec,Dec-1966,2.4,1.2
Australia,1967,Mar,Mar-1967,2.3,1.1
Australia,1967,Jun,Jun-1967,3.5,1.1
Australia,1967,Sep,Sep-1967,4.7,1.1
Australia,1967,Dec,Dec-1967,3.4,0.0
Australia,1968,Mar,Mar-1968,3.4,1.1
Australia,1968,Jun,Jun-1968,2.2,0.0
Australia,1968,Sep,Sep-1968,2.2,1.1
Australia,1968,Dec,Dec-1968,2.2,0.0
Australia,1969,Mar,Mar-1969,3.3,2.2
Australia,1969,Jun,Jun-1969,3.3,0.0
Australia,1969,Sep,Sep-1969,3.3,1.1
Australia,1969,Dec,Dec-1969,3.3,0.0
Australia,1970,Mar,Mar-1970,2.1,1.1
Australia,1970,Jun,Jun-1970,3.2,1.0
Australia,1970,Sep,Sep-1970,3.2,1.0
Australia,1970,Dec,Dec-1970,5.3,2.0
Australia,1971,Mar,Mar-1971,5.2,1.0
Australia,1971,Jun,Jun-1971,5.2,1.0
Australia,1971,Sep,Sep-1971,7.1,2.9
Australia,1971,Dec,Dec-1971,7.0,1.9
Australia,1972,Mar,Mar-1972,6.9,0.9
Australia,1972,Jun,Jun-1972,6.9,0.9
Australia,1972,Sep,Sep-1972,5.7,1.8
Australia,1972,Dec,Dec-1972,4.7,0.9
Australia,1973,Mar,Mar-1973,5.6,1.8
Australia,1973,Jun,Jun-1973,8.3,3.5
Australia,1973,Sep,Sep-1973,9.9,3.4
Australia,1973,Dec,Dec-1973,12.5,3.3
Australia,1974,Mar,Mar-1974,14.0,3.2
Australia,1974,Jun,Jun-1974,14.4,3.8
Australia,1974,Sep,Sep-1974,16.4,5.2
Australia,1974,Dec,Dec-1974,16.7,3.5
Australia,1975,Mar,Mar-1975,17.7,4.1
Australia,1975,Jun,Jun-1975,17.0,3.3
Australia,1975,Sep,Sep-1975,12.0,0.6
Australia,1975,Dec,Dec-1975,14.3,5.7
Australia,1976,Mar,Mar-1976,13.1,3.0
Australia,1976,Jun,Jun-1976,12.0,2.3
Australia,1976,Sep,Sep-1976,13.8,2.3
Australia,1976,Dec,Dec-1976,14.3,6.1
Australia,1977,Mar,Mar-1977,13.3,2.1
Australia,1977,Jun,Jun-1977,13.6,2.6
Australia,1977,Sep,Sep-1977,13.3,2.0
Australia,1977,Dec,Dec-1977,9.4,2.4
Australia,1978,Mar,Mar-1978,8.7,1.4
Australia,1978,Jun,Jun-1978,8.0,1.9
Australia,1978,Sep,Sep-1978,7.8,1.8
Australia,1978,Dec,Dec-1978,7.6,2.3
Australia,1979,Mar,Mar-1979,8.0,1.8
Australia,1979,Jun,Jun-1979,8.8,2.6
Australia,1979,Sep,Sep-1979,9.5,2.5
Australia,1979,Dec,Dec-1979,10.2,2.9
Australia,1980,Mar,Mar-1980,10.4,2.0
Australia,1980,Jun,Jun-1980,11.0,3.1
Australia,1980,Sep,Sep-1980,9.9,1.5
Australia,1980,Dec,Dec-1980,9.2,2.3
Australia,1981,Mar,Mar-1981,9.4,2.2
Australia,1981,Jun,Jun-1981,8.4,2.2
Australia,1981,Sep,Sep-1981,9.0,2.1
Australia,1981,Dec,Dec-1981,11.0,4.1
Australia,1982,Mar,Mar-1982,10.8,2.0
Australia,1982,Jun,Jun-1982,10.9,2.3
Australia,1982,Sep,Sep-1982,12.4,3.5
Australia,1982,Dec,Dec-1982,11.3,3.1
Australia,1983,Mar,Mar-1983,11.4,2.1
Australia,1983,Jun,Jun-1983,11.1,2.0
Australia,1983,Sep,Sep-1983,9.2,1.7
Australia,1983,Dec,Dec-1983,8.6,2.5
Australia,1984,Mar,Mar-1984,5.8,-0.5
Australia,1984,Jun,Jun-1984,4.0,0.3
Australia,1984,Sep,Sep-1984,3.7,1.4
Australia,1984,Dec,Dec-1984,2.5,1.4
Australia,1985,Mar,Mar-1985,4.4,1.3
Australia,1985,Jun,Jun-1985,6.6,2.4
Australia,1985,Sep,Sep-1985,7.6,2.3
Australia,1985,Dec,Dec-1985,8.3,2.0
Australia,1986,Mar,Mar-1986,9.2,2.2
Australia,1986,Jun,Jun-1986,8.5,1.7
Australia,1986,Sep,Sep-1986,8.8,2.6
Australia,1986,Dec,Dec-1986,9.6,2.8
Australia,1987,Mar,Mar-1987,9.4,2.0
Australia,1987,Jun,Jun-1987,9.3,1.5
Australia,1987,Sep,Sep-1987,8.3,1.7
Australia,1987,Dec,Dec-1987,7.2,1.7
Australia,1988,Mar,Mar-1988,6.8,1.7
Australia,1988,Jun,Jun-1988,7.2,1.9
Australia,1988,Sep,Sep-1988,7.3,1.8
Australia,1988,Dec,Dec-1988,7.6,2.0
Australia,1989,Mar,Mar-1989,6.8,1.0
Australia,1989,Jun,Jun-1989,7.5,2.5
Australia,1989,Sep,Sep-1989,8.0,2.3
Australia,1989,Dec,Dec-1989,7.8,1.8
Australia,1990,Mar,Mar-1990,8.7,1.8
Australia,1990,Jun,Jun-1990,7.7,1.6
Australia,1990,Sep,Sep-1990,6.1,0.7
Australia,1990,Dec,Dec-1990,6.9,2.6
Australia,1991,Mar,Mar-1991,4.8,-0.2
Australia,1991,Jun,Jun-1991,3.3,0.2
Australia,1991,Sep,Sep-1991,3.1,0.5
Australia,1991,Dec,Dec-1991,1.5,1.0
Australia,1992,Mar,Mar-1992,1.7,0.0
Australia,1992,Jun,Jun-1992,1.2,-0.3
Australia,1992,Sep,Sep-1992,0.8,0.2
Australia,1992,Dec,Dec-1992,0.3,0.5
Australia,1993,Mar,Mar-1993,1.2,0.8
Australia,1993,Jun,Jun-1993,1.8,0.3
Australia,1993,Sep,Sep-1993,2.2,0.5
Australia,1993,Dec,Dec-1993,1.8,0.2
Australia,1994,Mar,Mar-1994,1.5,0.5
Australia,1994,Jun,Jun-1994,1.8,0.7
Australia,1994,Sep,Sep-1994,2.0,0.6
Australia,1994,Dec,Dec-1994,2.6,0.8
Australia,1995,Mar,Mar-1995,3.7,1.6
Australia,1995,Jun,Jun-1995,4.5,1.4
Australia,1995,Sep,Sep-1995,5.1,1.2
Australia,1995,Dec,Dec-1995,5.1,0.8
Australia,1996,Mar,Mar-1996,3.8,0.3
Australia,1996,Jun,Jun-1996,3.1,0.8
Australia,1996,Sep,Sep-1996,2.1,0.3
Australia,1996,Dec,Dec-1996,1.5,0.1
Australia,1997,Mar,Mar-1997,1.4,0.1
Australia,1997,Jun,Jun-1997,0.3,-0.3
Australia,1997,Sep,Sep-1997,-0.4,-0.4
Australia,1997,Dec,Dec-1997,-0.3,0.3
Australia,1998,Mar,Mar-1998,-0.1,0.3
Australia,1998,Jun,Jun-1998,0.7,0.6
Australia,1998,Sep,Sep-1998,1.4,0.1
Australia,1998,Dec,Dec-1998,1.5,0.4
Australia,1999,Mar,Mar-1999,1.2,0.0
Australia,1999,Jun,Jun-1999,1.0,0.4
Australia,1999,Sep,Sep-1999,1.8,0.9
Australia,1999,Dec,Dec-1999,1.9,0.6
Australia,2000,Mar,Mar-2000,2.8,0.9
Australia,2000,Jun,Jun-2000,3.1,0.7
Australia,2000,Sep,Sep-2000,6.1,3.8
Australia,2000,Dec,Dec-2000,5.8,0.3
Australia,2001,Mar,Mar-2001,6.0,1.1
Australia,2001,Jun,Jun-2001,6.1,0.8
Australia,2001,Sep,Sep-2001,2.5,0.3
Australia,2001,Dec,Dec-2001,3.1,0.9
Australia,2002,Mar,Mar-2002,3.0,0.9
Australia,2002,Jun,Jun-2002,2.8,0.7
Australia,2002,Sep,Sep-2002,3.2,0.7
Australia,2002,Dec,Dec-2002,2.9,0.6
Australia,2003,Mar,Mar-2003,3.3,1.3
Australia,2003,Jun,Jun-2003,2.6,0.0
Australia,2003,Sep,Sep-2003,2.6,0.6
Australia,2003,Dec,Dec-2003,2.4,0.5
Australia,2004,Mar,Mar-2004,2.0,0.9
Australia,2004,Jun,Jun-2004,2.5,0.5
Australia,2004,Sep,Sep-2004,2.3,0.4
Australia,2004,Dec,Dec-2004,2.5,0.7
Australia,2005,Mar,Mar-2005,2.4,0.7
Australia,2005,Jun,Jun-2005,2.5,0.6
Australia,2005,Sep,Sep-2005,3.1,1.0
Australia,2005,Dec,Dec-2005,2.8,0.5
Australia,2006,Mar,Mar-2006,2.9,0.8
Australia,2006,Jun,Jun-2006,4.0,1.7
Australia,2006,Sep,Sep-2006,4.0,0.9
Australia,2006,Dec,Dec-2006,3.3,-0.1
Australia,2007,Mar,Mar-2007,2.5,0.0
Australia,2007,Jun,Jun-2007,2.1,1.3
Australia,2007,Sep,Sep-2007,1.8,0.7
Australia,2007,Dec,Dec-2007,2.9,0.9
Australia,2008,Mar,Mar-2008,4.3,1.3
Australia,2008,Jun,Jun-2008,4.4,1.4
Australia,2008,Sep,Sep-2008,5.0,1.2
Australia,2008,Dec,Dec-2008,3.7,-0.3
Australia,2009,Mar,Mar-2009,2.4,0.1
Australia,2009,Jun,Jun-2009,1.4,0.4
Australia,2009,Sep,Sep-2009,1.2,1.0
Australia,2009,Dec,Dec-2009,2.1,0.5
Australia,2010,Mar,Mar-2010,2.9,1.0
Australia,2010,Jun,Jun-2010,3.1,0.6
Australia,2010,Sep,Sep-2010,2.9,0.7
Australia,2010,Dec,Dec-2010,2.8,0.4
Australia,2011,Mar,Mar-2011,3.3,1.4
Australia,2011,Jun,Jun-2011,3.5,0.9
Australia,2011,Sep,Sep-2011,3.4,0.6
Australia,2011,Dec,Dec-2011,3.0,0.0
Australia,2012,Mar,Mar-2012,1.6,0.1
Australia,2012,Jun,Jun-2012,1.2,0.5
Australia,2012,Sep,Sep-2012,2.0,1.4
Australia,2012,Dec,Dec-2012,2.2,0.2
Australia,2013,Mar,Mar-2013,2.5,0.4
Australia,2013,Jun,Jun-2013,2.4,0.4
Australia,2013,Sep,Sep-2013,2.2,1.2
Australia,2013,Dec,Dec-2013,2.7,0.8
Australia,2014,Mar,Mar-2014,2.9,0.6
Australia,2014,Jun,Jun-2014,3.0,0.5
Australia,2014,Sep,Sep-2014,2.3,0.5
Australia,2014,Dec,Dec-2014,1.7,0.2
Australia,2015,Mar,Mar-2015,1.3,0.2
Australia,2015,Jun,Jun-2015,1.5,0.7
Australia,2015,Sep,Sep-2015,1.5,0.5
Australia,2015,Dec,Dec-2015,1.7,0.4
Australia,2016,Mar,Mar-2016,1.3,-0.2
Australia,2016,Jun,Jun-2016,1.0,0.4
Australia,2016,Sep,Sep-2016,1.3,0.7
Australia,2016,Dec,Dec-2016,1.5,0.5
Australia,2017,Mar,Mar-2017,2.1,0.5
Australia,2017,Jun,Jun-2017,1.9,0.2
Australia,2017,Sep,Sep-2017,1.8,0.6
Australia,2017,Dec,Dec-2017,1.9,0.6
Australia,2018,Mar,Mar-2018,1.9,0.4
Australia,2018,Jun,Jun-2018,2.1,0.4
Australia,2018,Sep,Sep-2018,1.9,0.4
Australia,2018,Dec,Dec-2018,1.8,0.5
Australia,2019,Mar,Mar-2019,1.3,0.0
Australia,2019,Jun,Jun-2019,1.6,0.6
Australia,2019,Sep,Sep-2019,1.7,0.5
Australia,2019,Dec,Dec-2019,1.8,0.7
Australia,2020,Mar,Mar-2020,2.2,0.3
Australia,2020,Jun,Jun-2020,-0.3,-1.9
Australia,2020,Sep,Sep-2020,0.7,1.6
Australia,2020,Dec,Dec-2020,0.9,0.9
Australia,2021,Mar,Mar-2021,1.1,0.6
Australia,2021,Jun,Jun-2021,3.8,0.8
Australia,2021,Sep,Sep-2021,3.0,0.8
Australia,2021,Dec,Dec-2021,3.5,1.3
Australia,2022,Mar,Mar-2022,5.1,2.1
Australia,2022,Jun,Jun-2022,6.1,1.8
Australia,2022,Sep,Sep-2022,7.3,1.8
Australia,2022,Dec,Dec-2022,7.8,1.9
Australia,2023,Mar,Mar-2023,7.0,1.4
Australia,2023,Jun,Jun-2023,6.0,0.8
